symbol,price,quantity,timestamp
BTCUSDT,108134.30000000,0.00052000,2025-07-05 01:04:39.576000
BTCUSDT,108134.31000000,0.00058000,2025-07-05 01:04:40.847000
BTCUSDT,108134.30000000,0.00952000,2025-07-05 01:04:41.943000
BTCUSDT,108134.30000000,0.00094000,2025-07-05 01:04:42.975000
BTCUSDT,108134.30000000,0.00030000,2025-07-05 01:04:44.182000
BTCUSDT,108134.30000000,0.00368000,2025-07-05 01:04:46.664000
BTCUSDT,108134.31000000,0.06039000,2025-07-05 01:04:48.712000
BTCUSDT,108134.31000000,0.00019000,2025-07-05 01:04:50.353000
BTCUSDT,108134.31000000,0.00018000,2025-07-05 01:04:51.907000
BTCUSDT,108134.30000000,0.00620000,2025-07-05 01:04:55.461000
BTCUSDT,108134.31000000,0.00007000,2025-07-05 01:04:56.482000
BTCUSDT,108134.30000000,0.11855000,2025-07-05 01:04:57.489000
BTCUSDT,108134.30000000,0.00010000,2025-07-05 01:04:59.535000
BTCUSDT,108134.31000000,0.00021000,2025-07-05 01:05:00.800000
BTCUSDT,108134.30000000,0.00010000,2025-07-05 01:05:03.531000
BTCUSDT,108134.31000000,0.00017000,2025-07-05 01:05:05.127000
BTCUSDT,108134.31000000,0.01453000,2025-07-05 01:05:07.162000
BTCUSDT,108134.30000000,0.00006000,2025-07-05 01:05:09.342000
BTCUSDT,108134.30000000,0.00085000,2025-07-05 01:05:10.512000
BTCUSDT,108134.30000000,0.00598000,2025-07-05 01:05:11.636000
BTCUSDT,108134.31000000,0.00093000,2025-07-05 01:05:13.097000
BTCUSDT,108134.30000000,0.00092000,2025-07-05 01:05:14.433000
BTCUSDT,108134.30000000,0.00035000,2025-07-05 01:05:17.085000
BTCUSDT,108134.30000000,0.00203000,2025-07-05 01:05:18.350000
BTCUSDT,108134.31000000,0.00307000,2025-07-05 01:05:20.109000
BTCUSDT,108134.30000000,0.03023000,2025-07-05 01:05:21.244000
BTCUSDT,108134.30000000,0.00018000,2025-07-05 01:05:22.269000
BTCUSDT,108134.31000000,0.00091000,2025-07-05 01:05:23.686000
BTCUSDT,108134.30000000,0.00008000,2025-07-05 01:05:26.681000
BTCUSDT,108134.30000000,0.00034000,2025-07-05 01:05:27.718000
BTCUSDT,108134.31000000,0.00019000,2025-07-05 01:05:29.363000
BTCUSDT,108134.30000000,0.00050000,2025-07-05 01:05:30.414000
BTCUSDT,108121.01000000,0.00010000,2025-07-05 01:05:32.030000
BTCUSDT,108121.01000000,0.00046000,2025-07-05 01:05:33.382000
BTCUSDT,108121.00000000,0.00100000,2025-07-05 01:05:34.581000
BTCUSDT,108112.94000000,0.00035000,2025-07-05 01:05:35.741000
BTCUSDT,108112.94000000,0.00020000,2025-07-05 01:05:36.833000
BTCUSDT,108112.93000000,0.08000000,2025-07-05 01:05:38.659000
BTCUSDT,108090.24000000,0.00016000,2025-07-05 01:05:39.686000
BTCUSDT,108090.24000000,0.00813000,2025-07-05 01:05:40.882000
BTCUSDT,108090.24000000,0.00033000,2025-07-05 01:05:42.149000
BTCUSDT,108090.24000000,0.00012000,2025-07-05 01:05:43.364000
BTCUSDT,108090.24000000,0.00037000,2025-07-05 01:05:44.499000
BTCUSDT,108090.24000000,0.00101000,2025-07-05 01:05:45.720000
BTCUSDT,108090.25000000,0.00017000,2025-07-05 01:05:47.152000
BTCUSDT,108090.25000000,0.00020000,2025-07-05 01:05:48.451000
BTCUSDT,108090.25000000,0.00776000,2025-07-05 01:05:50.577000
BTCUSDT,108090.24000000,0.06266000,2025-07-05 01:05:51.924000
BTCUSDT,108090.24000000,0.03302000,2025-07-05 01:05:53.545000
BTCUSDT,108090.24000000,0.07686000,2025-07-05 01:05:54.774000
BTCUSDT,108090.25000000,0.13907000,2025-07-05 01:05:56.091000
BTCUSDT,108090.25000000,0.00005000,2025-07-05 01:05:57.272000
BTCUSDT,108090.25000000,0.00045000,2025-07-05 01:05:58.380000
BTCUSDT,108090.24000000,0.00692000,2025-07-05 01:05:59.506000
BTCUSDT,108090.24000000,0.00383000,2025-07-05 01:06:00.801000
BTCUSDT,108090.24000000,0.00033000,2025-07-05 01:06:02.082000
BTCUSDT,108090.24000000,0.00033000,2025-07-05 01:06:03.241000
BTCUSDT,108090.24000000,0.00033000,2025-07-05 01:06:04.379000
BTCUSDT,108090.25000000,0.00050000,2025-07-05 01:06:06.291000
BTCUSDT,108110.53000000,0.00005000,2025-07-05 01:06:07.740000
BTCUSDT,108110.53000000,0.00327000,2025-07-05 01:06:09.272000
BTCUSDT,108110.54000000,0.00002000,2025-07-05 01:06:10.286000
BTCUSDT,108111.33000000,0.00011000,2025-07-05 01:06:11.507000
BTCUSDT,108111.33000000,0.00076000,2025-07-05 01:06:13.348000
BTCUSDT,108111.33000000,0.00006000,2025-07-05 01:06:14.610000
BTCUSDT,108111.32000000,0.00478000,2025-07-05 01:06:16.502000
BTCUSDT,108111.33000000,0.00017000,2025-07-05 01:06:18.713000
BTCUSDT,108111.33000000,0.00006000,2025-07-05 01:06:19.826000
BTCUSDT,108111.33000000,0.00009000,2025-07-05 01:06:20.851000
BTCUSDT,108111.33000000,0.00006000,2025-07-05 01:06:21.910000
BTCUSDT,108111.33000000,0.00010000,2025-07-05 01:06:23.186000
BTCUSDT,108111.33000000,0.00400000,2025-07-05 01:06:24.908000
BTCUSDT,108111.33000000,0.00004000,2025-07-05 01:06:26.064000
BTCUSDT,108111.33000000,0.00022000,2025-07-05 01:06:27.995000
BTCUSDT,108111.33000000,0.00043000,2025-07-05 01:06:29.719000
BTCUSDT,108111.33000000,0.02077000,2025-07-05 01:06:31.199000
BTCUSDT,108111.33000000,0.00053000,2025-07-05 01:06:33.056000
BTCUSDT,108111.32000000,0.00010000,2025-07-05 01:06:34.462000
BTCUSDT,108111.33000000,0.00101000,2025-07-05 01:06:36.415000
BTCUSDT,108111.33000000,0.00022000,2025-07-05 01:06:40.826000
BTCUSDT,108111.32000000,0.01376000,2025-07-05 01:06:42.175000
BTCUSDT,108111.32000000,0.00054000,2025-07-05 01:06:43.206000
BTCUSDT,108111.32000000,0.01274000,2025-07-05 01:06:44.620000
BTCUSDT,108111.33000000,0.00038000,2025-07-05 01:06:46.255000
BTCUSDT,108115.61000000,0.00051000,2025-07-05 01:06:48.056000
BTCUSDT,108115.61000000,0.00183000,2025-07-05 01:06:49.662000
BTCUSDT,108115.62000000,0.00012000,2025-07-05 01:06:51.972000
BTCUSDT,108115.62000000,0.00024000,2025-07-05 01:06:53.276000
BTCUSDT,108115.61000000,0.00019000,2025-07-05 01:06:55.883000
BTCUSDT,108115.62000000,0.00047000,2025-07-05 01:06:57.015000
BTCUSDT,108115.62000000,0.00018000,2025-07-05 01:06:58.057000
BTCUSDT,108115.62000000,0.00010000,2025-07-05 01:07:00.058000
BTCUSDT,108123.91000000,0.00238000,2025-07-05 01:07:01.235000
BTCUSDT,108123.91000000,0.00094000,2025-07-05 01:07:02.620000
BTCUSDT,108126.65000000,0.00005000,2025-07-05 01:07:03.615000
BTCUSDT,108126.65000000,0.01471000,2025-07-05 01:07:04.791000
BTCUSDT,108126.65000000,0.00085000,2025-07-05 01:07:06.506000
BTCUSDT,108126.65000000,0.00348000,2025-07-05 01:07:07.696000
BTCUSDT,108126.65000000,0.00009000,2025-07-05 01:07:08.882000
BTCUSDT,108126.65000000,0.00435000,2025-07-05 01:07:10.110000
BTCUSDT,108126.64000000,0.00303000,2025-07-05 01:07:13.371000
BTCUSDT,108126.64000000,0.00010000,2025-07-05 01:07:15.063000
BTCUSDT,108126.65000000,0.00013000,2025-07-05 01:07:16.190000
BTCUSDT,108126.65000000,0.00005000,2025-07-05 01:07:17.194000
BTCUSDT,108128.99000000,0.00050000,2025-07-05 01:07:18.309000
BTCUSDT,108131.50000000,0.00059000,2025-07-05 01:07:19.317000
BTCUSDT,108131.51000000,0.00012000,2025-07-05 01:07:21.362000
BTCUSDT,108131.50000000,0.00675000,2025-07-05 01:07:22.594000
BTCUSDT,108134.31000000,0.00031000,2025-07-05 01:07:23.733000
BTCUSDT,108137.92000000,0.00005000,2025-07-05 01:07:26.505000
BTCUSDT,108137.92000000,0.00761000,2025-07-05 01:07:27.772000
BTCUSDT,108137.92000000,0.03005000,2025-07-05 01:07:31.874000
BTCUSDT,108137.92000000,0.00046000,2025-07-05 01:07:33.066000
BTCUSDT,108137.92000000,0.00740000,2025-07-05 01:07:34.679000
BTCUSDT,108137.91000000,0.00135000,2025-07-05 01:07:36.350000
BTCUSDT,108137.91000000,0.00047000,2025-07-05 01:07:37.735000
BTCUSDT,108137.91000000,0.00203000,2025-07-05 01:07:40.143000
BTCUSDT,108137.92000000,0.00010000,2025-07-05 01:07:42.092000
BTCUSDT,108137.92000000,0.00092000,2025-07-05 01:07:43.144000
BTCUSDT,108137.92000000,0.00005000,2025-07-05 01:07:44.136000
BTCUSDT,108137.92000000,0.00032000,2025-07-05 01:07:45.191000
BTCUSDT,108137.92000000,0.00050000,2025-07-05 01:07:47.395000
BTCUSDT,108140.00000000,0.00095000,2025-07-05 01:07:48.714000
BTCUSDT,108146.15000000,0.00049000,2025-07-05 01:07:49.861000
BTCUSDT,108146.14000000,0.00019000,2025-07-05 01:07:51.373000
BTCUSDT,108147.99000000,0.00028000,2025-07-05 01:07:52.457000
BTCUSDT,108147.99000000,0.00846000,2025-07-05 01:07:53.692000
BTCUSDT,108148.00000000,0.00043000,2025-07-05 01:07:55.698000
BTCUSDT,108147.99000000,0.02502000,2025-07-05 01:07:57.172000
BTCUSDT,108148.00000000,0.00138000,2025-07-05 01:07:58.620000
BTCUSDT,108148.00000000,0.00059000,2025-07-05 01:08:02.227000
BTCUSDT,108148.00000000,0.00220000,2025-07-05 01:08:03.248000
BTCUSDT,108147.99000000,0.00007000,2025-07-05 01:08:05.432000
BTCUSDT,108148.00000000,0.00010000,2025-07-05 01:08:06.529000
BTCUSDT,108147.99000000,0.00145000,2025-07-05 01:08:08.007000
BTCUSDT,108147.99000000,0.00100000,2025-07-05 01:08:09.199000
BTCUSDT,108147.99000000,0.14226000,2025-07-05 01:08:11.594000
BTCUSDT,108147.99000000,0.00925000,2025-07-05 01:08:12.977000
BTCUSDT,108148.00000000,0.04818000,2025-07-05 01:08:14.585000
BTCUSDT,108148.00000000,0.00010000,2025-07-05 01:08:16.186000
BTCUSDT,108148.00000000,0.00007000,2025-07-05 01:08:17.522000
BTCUSDT,108148.00000000,0.06038000,2025-07-05 01:08:18.715000
BTCUSDT,108148.00000000,0.00697000,2025-07-05 01:08:20.128000
BTCUSDT,108147.99000000,0.00009000,2025-07-05 01:08:21.778000
BTCUSDT,108147.99000000,0.00095000,2025-07-05 01:08:22.811000
BTCUSDT,108148.00000000,0.00205000,2025-07-05 01:08:23.864000
BTCUSDT,108148.00000000,0.00163000,2025-07-05 01:08:25.064000
BTCUSDT,108147.99000000,0.00010000,2025-07-05 01:08:27.321000
BTCUSDT,108148.00000000,0.00190000,2025-07-05 01:08:28.686000
BTCUSDT,108148.00000000,0.00555000,2025-07-05 01:08:30.287000
BTCUSDT,108148.00000000,0.00046000,2025-07-05 01:08:32.486000
BTCUSDT,108147.99000000,0.00022000,2025-07-05 01:08:34.264000
BTCUSDT,108147.99000000,0.00368000,2025-07-05 01:08:35.641000
BTCUSDT,108148.00000000,0.02995000,2025-07-05 01:08:37.472000
BTCUSDT,108147.99000000,0.00302000,2025-07-05 01:08:38.768000
BTCUSDT,108148.00000000,0.00327000,2025-07-05 01:08:42.041000
BTCUSDT,108148.00000000,0.00872000,2025-07-05 01:08:43.240000
BTCUSDT,108147.99000000,0.00020000,2025-07-05 01:08:44.248000
BTCUSDT,108148.00000000,0.00049000,2025-07-05 01:08:45.383000
BTCUSDT,108148.00000000,0.00010000,2025-07-05 01:08:47.091000
BTCUSDT,108147.99000000,0.00009000,2025-07-05 01:08:48.307000
BTCUSDT,108148.00000000,0.00007000,2025-07-05 01:08:49.750000
BTCUSDT,108147.99000000,0.00092000,2025-07-05 01:08:50.826000
BTCUSDT,108148.00000000,0.00917000,2025-07-05 01:08:51.835000
BTCUSDT,108148.00000000,0.00036000,2025-07-05 01:08:53
BTCUSDT,108148.00000000,0.00081000,2025-07-05 01:08:54.196000
BTCUSDT,108148.00000000,0.00010000,2025-07-05 01:08:56.464000
BTCUSDT,108148.00000000,0.02130000,2025-07-05 01:08:57.910000
BTCUSDT,108148.00000000,0.00206000,2025-07-05 01:08:59.064000
BTCUSDT,108147.99000000,0.00023000,2025-07-05 01:09:00.176000
BTCUSDT,108147.99000000,0.00205000,2025-07-05 01:09:01.350000
BTCUSDT,108148.00000000,0.00046000,2025-07-05 01:09:02.471000
BTCUSDT,108147.99000000,0.00192000,2025-07-05 01:09:04.473000
BTCUSDT,108147.99000000,0.00075000,2025-07-05 01:09:06.479000
BTCUSDT,108148.00000000,0.00249000,2025-07-05 01:09:07.556000
BTCUSDT,108147.99000000,0.00017000,2025-07-05 01:09:08.582000
BTCUSDT,108147.99000000,0.00617000,2025-07-05 01:09:12.412000
BTCUSDT,108147.99000000,0.00005000,2025-07-05 01:09:15.294000
BTCUSDT,108147.99000000,0.00009000,2025-07-05 01:09:16.949000
BTCUSDT,108147.99000000,0.00008000,2025-07-05 01:09:18.314000
BTCUSDT,108148.00000000,0.00005000,2025-07-05 01:09:19.351000
BTCUSDT,108147.99000000,0.00022000,2025-07-05 01:09:20.347000
BTCUSDT,108147.99000000,0.00444000,2025-07-05 01:09:22.786000
BTCUSDT,108148.00000000,0.00014000,2025-07-05 01:09:23.992000
BTCUSDT,108147.99000000,0.01268000,2025-07-05 01:09:26.126000
BTCUSDT,108147.99000000,0.00011000,2025-07-05 01:09:28.063000
BTCUSDT,108147.99000000,0.00078000,2025-07-05 01:09:30
BTCUSDT,108148.00000000,0.00021000,2025-07-05 01:09:31.140000
BTCUSDT,108148.00000000,0.00109000,2025-07-05 01:09:32.379000
BTCUSDT,108147.99000000,0.00091000,2025-07-05 01:09:34.575000
BTCUSDT,108148.00000000,0.00010000,2025-07-05 01:09:37.536000
BTCUSDT,108147.99000000,0.00016000,2025-07-05 01:09:38.676000
BTCUSDT,108147.99000000,0.00092000,2025-07-05 01:09:40.454000
BTCUSDT,108148.00000000,0.00012000,2025-07-05 01:09:41.707000
BTCUSDT,108148.00000000,0.01591000,2025-07-05 01:09:42.721000
BTCUSDT,108148.00000000,0.00092000,2025-07-05 01:09:44.445000
BTCUSDT,108147.99000000,0.00032000,2025-07-05 01:09:45.719000
BTCUSDT,108148.00000000,0.00354000,2025-07-05 01:09:46.895000
BTCUSDT,108148.00000000,0.00012000,2025-07-05 01:09:48.141000
BTCUSDT,108148.00000000,0.00138000,2025-07-05 01:09:49.223000
BTCUSDT,108147.99000000,0.00235000,2025-07-05 01:09:50.612000
BTCUSDT,108148.00000000,0.00010000,2025-07-05 01:09:52.076000
BTCUSDT,108147.99000000,0.00019000,2025-07-05 01:09:53.216000
BTCUSDT,108147.99000000,0.00009000,2025-07-05 01:09:56.098000
BTCUSDT,108148.00000000,0.00065000,2025-07-05 01:09:58.496000
BTCUSDT,108148.00000000,0.00185000,2025-07-05 01:10:00.307000
BTCUSDT,108147.99000000,0.00007000,2025-07-05 01:10:01.703000
BTCUSDT,108147.99000000,0.00016000,2025-07-05 01:10:05.060000
BTCUSDT,108147.99000000,0.00119000,2025-07-05 01:10:06.250000
BTCUSDT,108147.99000000,0.00022000,2025-07-05 01:10:08.234000
BTCUSDT,108148.00000000,0.00029000,2025-07-05 01:10:09.373000
BTCUSDT,108147.99000000,0.00016000,2025-07-05 01:10:11.066000
BTCUSDT,108147.99000000,0.00028000,2025-07-05 01:10:15.373000
BTCUSDT,108147.99000000,0.00023000,2025-07-05 01:10:16.544000
BTCUSDT,108147.99000000,0.00037000,2025-07-05 01:10:18.225000
BTCUSDT,108147.99000000,0.00605000,2025-07-05 01:10:20.477000
BTCUSDT,108147.99000000,0.00008000,2025-07-05 01:10:21.962000
BTCUSDT,108147.99000000,0.00821000,2025-07-05 01:10:23.016000
BTCUSDT,108147.99000000,0.00010000,2025-07-05 01:10:24.587000
BTCUSDT,108148.00000000,0.00011000,2025-07-05 01:10:25.964000
BTCUSDT,108148.00000000,0.00032000,2025-07-05 01:10:28.012000
BTCUSDT,108148.00000000,0.00147000,2025-07-05 01:10:29.548000
BTCUSDT,108148.00000000,0.00006000,2025-07-05 01:10:30.615000
BTCUSDT,108147.99000000,0.00050000,2025-07-05 01:10:31.708000
BTCUSDT,108140.02000000,0.00056000,2025-07-05 01:10:33.177000
BTCUSDT,108140.02000000,0.00063000,2025-07-05 01:10:34.468000
BTCUSDT,108140.01000000,0.00370000,2025-07-05 01:10:35.795000
BTCUSDT,108140.01000000,0.00009000,2025-07-05 01:10:38.462000
BTCUSDT,108132.00000000,0.00005000,2025-07-05 01:10:39.483000
BTCUSDT,108120.00000000,0.00096000,2025-07-05 01:10:41.544000
BTCUSDT,108120.00000000,0.00022000,2025-07-05 01:10:43.370000
BTCUSDT,108120.00000000,0.00019000,2025-07-05 01:10:45.070000
BTCUSDT,108120.01000000,0.00905000,2025-07-05 01:10:48.432000
BTCUSDT,108120.01000000,0.00023000,2025-07-05 01:10:49.752000
BTCUSDT,108120.01000000,0.00086000,2025-07-05 01:10:51.583000
BTCUSDT,108120.00000000,0.00037000,2025-07-05 01:10:53.064000
BTCUSDT,108115.66000000,0.00005000,2025-07-05 01:10:54.064000
BTCUSDT,108115.66000000,0.04962000,2025-07-05 01:10:55.085000
BTCUSDT,108115.61000000,0.00183000,2025-07-05 01:10:56.615000
BTCUSDT,108108.25000000,0.00018000,2025-07-05 01:10:58.112000
BTCUSDT,108108.24000000,0.04000000,2025-07-05 01:10:59.155000
BTCUSDT,108101.59000000,0.00555000,2025-07-05 01:11:00.310000
BTCUSDT,108101.58000000,0.00012000,2025-07-05 01:11:01.383000
BTCUSDT,108101.58000000,0.04972000,2025-07-05 01:11:02.547000
BTCUSDT,108099.41000000,0.00049000,2025-07-05 01:11:03.416000
BTCUSDT,108093.01000000,0.00005000,2025-07-05 01:11:04.492000
BTCUSDT,108090.79000000,0.00005000,2025-07-05 01:11:07.254000
BTCUSDT,108090.80000000,0.00839000,2025-07-05 01:11:08.319000
BTCUSDT,108090.80000000,0.01389000,2025-07-05 01:11:09.511000
BTCUSDT,108099.99000000,0.00007000,2025-07-05 01:11:11.260000
BTCUSDT,108100.00000000,0.00005000,2025-07-05 01:11:12.440000
BTCUSDT,108099.99000000,0.01847000,2025-07-05 01:11:13.862000
BTCUSDT,108100.00000000,0.00009000,2025-07-05 01:11:14.944000
BTCUSDT,108100.00000000,0.00122000,2025-07-05 01:11:16.587000
BTCUSDT,108099.99000000,0.29968000,2025-07-05 01:11:18.162000
BTCUSDT,108099.99000000,0.00010000,2025-07-05 01:11:19.395000
BTCUSDT,108099.99000000,0.00091000,2025-07-05 01:11:20.538000
BTCUSDT,108100.00000000,0.00011000,2025-07-05 01:11:22.177000
BTCUSDT,108099.99000000,0.00231000,2025-07-05 01:11:24.142000
BTCUSDT,108100.00000000,0.00158000,2025-07-05 01:11:26.388000
BTCUSDT,108100.00000000,0.00046000,2025-07-05 01:11:27.481000
BTCUSDT,108100.00000000,0.00185000,2025-07-05 01:11:29.510000
BTCUSDT,108099.99000000,0.00011000,2025-07-05 01:11:31.061000
BTCUSDT,108100.00000000,0.00019000,2025-07-05 01:11:32.864000
BTCUSDT,108099.99000000,0.00018000,2025-07-05 01:11:33.970000
BTCUSDT,108100.00000000,0.00462000,2025-07-05 01:11:35.466000
BTCUSDT,108100.00000000,0.00057000,2025-07-05 01:11:37.378000
BTCUSDT,108100.00000000,0.00035000,2025-07-05 01:11:38.421000
BTCUSDT,108100.00000000,0.00010000,2025-07-05 01:11:39.606000
BTCUSDT,108099.99000000,0.00043000,2025-07-05 01:11:40.857000
BTCUSDT,108099.99000000,0.02257000,2025-07-05 01:11:42.583000
BTCUSDT,108100.00000000,0.00035000,2025-07-05 01:11:44.053000
BTCUSDT,108100.00000000,0.00108000,2025-07-05 01:11:45.254000
BTCUSDT,108099.99000000,0.00046000,2025-07-05 01:11:46.453000
BTCUSDT,108100.00000000,0.00102000,2025-07-05 01:11:47.717000
BTCUSDT,108099.99000000,0.00018000,2025-07-05 01:11:48.943000
BTCUSDT,108099.99000000,0.00006000,2025-07-05 01:11:50.154000
BTCUSDT,108099.99000000,0.00005000,2025-07-05 01:11:51.394000
BTCUSDT,108099.99000000,0.00055000,2025-07-05 01:11:52.486000
BTCUSDT,108099.99000000,0.00049000,2025-07-05 01:11:53.518000
BTCUSDT,108099.99000000,0.00018000,2025-07-05 01:11:54.958000
BTCUSDT,108099.99000000,0.00018000,2025-07-05 01:11:55.962000
BTCUSDT,108099.99000000,0.00018000,2025-07-05 01:11:56.963000
BTCUSDT,108099.99000000,0.00046000,2025-07-05 01:11:59.436000
BTCUSDT,108099.99000000,0.00112000,2025-07-05 01:12:01.065000
BTCUSDT,108100.00000000,0.00110000,2025-07-05 01:12:05.330000
BTCUSDT,108100.00000000,0.00005000,2025-07-05 01:12:07.603000
BTCUSDT,108099.99000000,0.00203000,2025-07-05 01:12:09.044000
BTCUSDT,108099.99000000,0.00030000,2025-07-05 01:12:10.502000
BTCUSDT,108100.00000000,0.01721000,2025-07-05 01:12:11.777000
BTCUSDT,108100.00000000,0.00005000,2025-07-05 01:12:12.673000
BTCUSDT,108100.26000000,0.00044000,2025-07-05 01:12:14.001000
BTCUSDT,108100.25000000,0.00011000,2025-07-05 01:12:15.041000
BTCUSDT,108100.25000000,0.00135000,2025-07-05 01:12:16.666000
BTCUSDT,108103.83000000,0.00093000,2025-07-05 01:12:17.896000
BTCUSDT,108103.84000000,0.00014000,2025-07-05 01:12:19.583000
BTCUSDT,108103.83000000,0.00423000,2025-07-05 01:12:21.579000
BTCUSDT,108103.83000000,0.00427000,2025-07-05 01:12:23.064000
BTCUSDT,108103.84000000,0.00079000,2025-07-05 01:12:24.460000
BTCUSDT,108103.84000000,0.00012000,2025-07-05 01:12:26.470000
BTCUSDT,108111.33000000,0.00005000,2025-07-05 01:12:27.163000
BTCUSDT,108112.90000000,0.00095000,2025-07-05 01:12:28.811000
BTCUSDT,108112.90000000,0.00277000,2025-07-05 01:12:30.032000
BTCUSDT,108112.89000000,0.00016000,2025-07-05 01:12:31.296000
BTCUSDT,108112.90000000,0.00158000,2025-07-05 01:12:32.532000
BTCUSDT,108112.89000000,0.00032000,2025-07-05 01:12:33.967000
BTCUSDT,108112.90000000,0.00715000,2025-07-05 01:12:35.835000
BTCUSDT,108112.89000000,0.00538000,2025-07-05 01:12:37.812000
BTCUSDT,108112.90000000,0.00035000,2025-07-05 01:12:39.234000
BTCUSDT,108112.89000000,0.01339000,2025-07-05 01:12:40.739000
BTCUSDT,108112.90000000,0.05105000,2025-07-05 01:12:42.685000
BTCUSDT,108112.90000000,0.00005000,2025-07-05 01:12:43.905000
BTCUSDT,108112.89000000,0.00006000,2025-07-05 01:12:45.247000
BTCUSDT,108112.90000000,0.00008000,2025-07-05 01:12:47.136000
BTCUSDT,108112.90000000,0.06040000,2025-07-05 01:12:48.716000
BTCUSDT,108112.89000000,0.00007000,2025-07-05 01:12:49.859000
BTCUSDT,108112.89000000,0.01375000,2025-07-05 01:12:51.104000
BTCUSDT,108112.89000000,0.00064000,2025-07-05 01:12:53.113000
BTCUSDT,108112.89000000,0.00019000,2025-07-05 01:12:55.282000
BTCUSDT,108112.90000000,0.00520000,2025-07-05 01:12:57.590000
BTCUSDT,108112.89000000,0.00169000,2025-07-05 01:12:58.852000
BTCUSDT,108112.90000000,0.00005000,2025-07-05 01:13:00.693000
BTCUSDT,108115.56000000,0.00005000,2025-07-05 01:13:03.160000
BTCUSDT,108115.55000000,0.00463000,2025-07-05 01:13:05.262000
BTCUSDT,108115.55000000,0.00110000,2025-07-05 01:13:06.558000
BTCUSDT,108115.55000000,0.00011000,2025-07-05 01:13:08.075000
BTCUSDT,108115.55000000,0.00026000,2025-07-05 01:13:09.205000
BTCUSDT,108115.56000000,0.04624000,2025-07-05 01:13:11.043000
BTCUSDT,108115.55000000,0.00038000,2025-07-05 01:13:12.239000
BTCUSDT,108115.56000000,0.00062000,2025-07-05 01:13:14.556000
BTCUSDT,108115.56000000,0.00164000,2025-07-05 01:13:16.579000
BTCUSDT,108115.56000000,0.00086000,2025-07-05 01:13:18.128000
BTCUSDT,108115.55000000,0.00010000,2025-07-05 01:13:21.304000
BTCUSDT,108115.55000000,0.01063000,2025-07-05 01:13:22.845000
BTCUSDT,108115.56000000,0.00033000,2025-07-05 01:13:23.901000
BTCUSDT,108115.55000000,0.00009000,2025-07-05 01:13:25.505000
BTCUSDT,108115.56000000,0.00872000,2025-07-05 01:13:26.888000
BTCUSDT,108115.55000000,0.00017000,2025-07-05 01:13:27.772000
BTCUSDT,108115.55000000,0.00169000,2025-07-05 01:13:29.103000
BTCUSDT,108115.55000000,0.00455000,2025-07-05 01:13:32.537000
BTCUSDT,108115.56000000,0.00022000,2025-07-05 01:13:34.217000
BTCUSDT,108115.56000000,0.00056000,2025-07-05 01:13:36.002000
BTCUSDT,108115.55000000,0.04265000,2025-07-05 01:13:38.117000
BTCUSDT,108115.55000000,0.00070000,2025-07-05 01:13:39.310000
BTCUSDT,108115.55000000,0.00023000,2025-07-05 01:13:41.718000
BTCUSDT,108115.55000000,0.00449000,2025-07-05 01:13:42.812000
BTCUSDT,108115.55000000,0.00055000,2025-07-05 01:13:45.931000
BTCUSDT,108115.56000000,0.01031000,2025-07-05 01:13:48.513000
BTCUSDT,108115.55000000,0.00045000,2025-07-05 01:13:50.275000
BTCUSDT,108115.55000000,0.00013000,2025-07-05 01:13:51.303000
BTCUSDT,108115.56000000,0.00006000,2025-07-05 01:13:52.560000
BTCUSDT,108115.56000000,0.00225000,2025-07-05 01:13:54.280000
BTCUSDT,108115.55000000,0.00463000,2025-07-05 01:13:55.453000
BTCUSDT,108115.55000000,0.00111000,2025-07-05 01:13:56.996000
BTCUSDT,108115.56000000,0.00019000,2025-07-05 01:13:58.677000
BTCUSDT,108115.56000000,0.00017000,2025-07-05 01:14:00.432000
BTCUSDT,108115.56000000,0.00021000,2025-07-05 01:14:02.118000
BTCUSDT,108115.56000000,0.00462000,2025-07-05 01:14:03.235000
BTCUSDT,108115.56000000,0.02952000,2025-07-05 01:14:04.965000
BTCUSDT,108115.56000000,0.00038000,2025-07-05 01:14:07.386000
BTCUSDT,108115.55000000,0.00200000,2025-07-05 01:14:08.865000
BTCUSDT,108115.56000000,0.00033000,2025-07-05 01:14:09.899000
BTCUSDT,108115.55000000,0.00065000,2025-07-05 01:14:11.754000
BTCUSDT,108115.55000000,0.00051000,2025-07-05 01:14:12.817000
BTCUSDT,108115.55000000,0.00005000,2025-07-05 01:14:13.877000
BTCUSDT,108115.55000000,0.00089000,2025-07-05 01:14:15.589000
BTCUSDT,108115.56000000,0.00621000,2025-07-05 01:14:16.743000
BTCUSDT,108115.56000000,0.00009000,2025-07-05 01:14:17.777000
BTCUSDT,108115.55000000,0.00010000,2025-07-05 01:14:19.039000
BTCUSDT,108115.56000000,0.00093000,2025-07-05 01:14:20.077000
BTCUSDT,108115.56000000,0.00014000,2025-07-05 01:14:21.296000
BTCUSDT,108115.55000000,0.00516000,2025-07-05 01:14:22.816000
BTCUSDT,108115.55000000,0.02184000,2025-07-05 01:14:24.148000
BTCUSDT,108115.55000000,0.00041000,2025-07-05 01:14:25.926000
BTCUSDT,108115.55000000,0.03033000,2025-07-05 01:14:27.552000
BTCUSDT,108115.56000000,0.01068000,2025-07-05 01:14:31.750000
BTCUSDT,108115.56000000,0.00043000,2025-07-05 01:14:32.852000
BTCUSDT,108115.56000000,0.00099000,2025-07-05 01:14:35.532000
BTCUSDT,108115.56000000,0.00012000,2025-07-05 01:14:37.046000
BTCUSDT,108115.55000000,0.00013000,2025-07-05 01:14:38.480000
BTCUSDT,108115.55000000,0.00009000,2025-07-05 01:14:41.752000
BTCUSDT,108115.55000000,0.00010000,2025-07-05 01:14:44.714000
BTCUSDT,108115.56000000,0.00100000,2025-07-05 01:14:45.983000
BTCUSDT,108115.55000000,0.00152000,2025-07-05 01:14:48.106000
BTCUSDT,108115.56000000,0.09504000,2025-07-05 01:14:49.168000
BTCUSDT,108115.56000000,0.00056000,2025-07-05 01:14:50.303000
BTCUSDT,108115.55000000,0.01855000,2025-07-05 01:14:52.843000
BTCUSDT,108115.55000000,0.03413000,2025-07-05 01:14:54.723000
BTCUSDT,108115.55000000,0.00005000,2025-07-05 01:14:56.273000
BTCUSDT,108115.55000000,0.00048000,2025-07-05 01:14:57.847000
BTCUSDT,108115.56000000,0.00668000,2025-07-05 01:14:59.330000
BTCUSDT,108112.89000000,0.00005000,2025-07-05 01:15:00.123000
BTCUSDT,108106.00000000,0.00545000,2025-07-05 01:15:01.361000
BTCUSDT,108106.00000000,0.01140000,2025-07-05 01:15:02.658000
BTCUSDT,108106.01000000,0.00049000,2025-07-05 01:15:03.754000
BTCUSDT,108106.01000000,0.00185000,2025-07-05 01:15:05.064000
BTCUSDT,108106.01000000,0.00764000,2025-07-05 01:15:06.575000
BTCUSDT,108106.01000000,0.00007000,2025-07-05 01:15:08.183000
BTCUSDT,108106.01000000,0.00323000,2025-07-05 01:15:09.699000
BTCUSDT,108106.01000000,0.02120000,2025-07-05 01:15:10.790000
BTCUSDT,108106.01000000,0.00010000,2025-07-05 01:15:11.952000
BTCUSDT,108106.01000000,0.00512000,2025-07-05 01:15:13.925000
BTCUSDT,108106.01000000,0.00134000,2025-07-05 01:15:15.426000
BTCUSDT,108106.01000000,0.00094000,2025-07-05 01:15:16.513000
BTCUSDT,108106.00000000,0.02201000,2025-07-05 01:15:17.769000
BTCUSDT,108106.01000000,0.00005000,2025-07-05 01:15:19.598000
BTCUSDT,108106.00000000,0.01597000,2025-07-05 01:15:20.714000
BTCUSDT,108106.00000000,0.00010000,2025-07-05 01:15:22.206000
BTCUSDT,108106.00000000,0.00009000,2025-07-05 01:15:23.859000
BTCUSDT,108106.01000000,0.00026000,2025-07-05 01:15:25.786000
BTCUSDT,108106.00000000,0.00021000,2025-07-05 01:15:26.844000
BTCUSDT,108106.00000000,0.00002000,2025-07-05 01:15:28.758000
BTCUSDT,108100.27000000,0.00307000,2025-07-05 01:15:30.113000
BTCUSDT,108100.00000000,0.00005000,2025-07-05 01:15:31.082000
BTCUSDT,108090.79000000,0.00026000,2025-07-05 01:15:32.547000
BTCUSDT,108090.79000000,0.00026000,2025-07-05 01:15:33.548000
BTCUSDT,108090.79000000,0.00026000,2025-07-05 01:15:34.553000
BTCUSDT,108090.79000000,0.00004000,2025-07-05 01:15:35.628000
BTCUSDT,108090.79000000,0.00125000,2025-07-05 01:15:36.673000
BTCUSDT,108080.51000000,0.00130000,2025-07-05 01:15:38.583000
BTCUSDT,108080.51000000,0.00007000,2025-07-05 01:15:39.896000
BTCUSDT,108080.50000000,0.00010000,2025-07-05 01:15:41.459000
BTCUSDT,108080.51000000,0.00082000,2025-07-05 01:15:44.074000
BTCUSDT,108080.50000000,0.00017000,2025-07-05 01:15:45.743000
BTCUSDT,108068.91000000,0.00009000,2025-07-05 01:15:46.913000
BTCUSDT,108068.92000000,0.06042000,2025-07-05 01:15:48.718000
BTCUSDT,108068.91000000,0.00010000,2025-07-05 01:15:49.843000
BTCUSDT,108068.91000000,0.00059000,2025-07-05 01:15:51.707000
BTCUSDT,108068.91000000,0.00015000,2025-07-05 01:15:54.736000
BTCUSDT,108068.92000000,0.00846000,2025-07-05 01:15:56.177000
BTCUSDT,108068.92000000,0.00022000,2025-07-05 01:15:57.312000
BTCUSDT,108068.91000000,0.00043000,2025-07-05 01:16:01.052000
BTCUSDT,108068.91000000,0.00940000,2025-07-05 01:16:02.177000
BTCUSDT,108068.92000000,0.00009000,2025-07-05 01:16:03.410000
BTCUSDT,108068.92000000,0.00005000,2025-07-05 01:16:05.580000
BTCUSDT,108068.91000000,0.00005000,2025-07-05 01:16:06.929000
BTCUSDT,108068.91000000,0.02773000,2025-07-05 01:16:09.090000
BTCUSDT,108068.91000000,0.00193000,2025-07-05 01:16:11.076000
BTCUSDT,108068.91000000,0.00046000,2025-07-05 01:16:12.147000
BTCUSDT,108068.91000000,0.00026000,2025-07-05 01:16:13.158000
BTCUSDT,108068.91000000,0.00026000,2025-07-05 01:16:14.160000
BTCUSDT,108068.91000000,0.00012000,2025-07-05 01:16:15.357000
BTCUSDT,108068.92000000,0.02935000,2025-07-05 01:16:16.393000
BTCUSDT,108068.92000000,0.00016000,2025-07-05 01:16:18.213000
BTCUSDT,108068.92000000,0.00185000,2025-07-05 01:16:19.313000
BTCUSDT,108068.92000000,0.00182000,2025-07-05 01:16:20.524000
BTCUSDT,108068.92000000,0.00092000,2025-07-05 01:16:21.661000
BTCUSDT,108068.91000000,0.00601000,2025-07-05 01:16:23.165000
BTCUSDT,108068.92000000,0.00009000,2025-07-05 01:16:24.462000
BTCUSDT,108068.91000000,0.01853000,2025-07-05 01:16:26.343000
BTCUSDT,108068.91000000,0.00111000,2025-07-05 01:16:27.712000
BTCUSDT,108068.91000000,0.00049000,2025-07-05 01:16:28.786000
BTCUSDT,108071.00000000,0.00017000,2025-07-05 01:16:29.886000
BTCUSDT,108071.05000000,0.00740000,2025-07-05 01:16:30.888000
BTCUSDT,108071.05000000,0.00180000,2025-07-05 01:16:31.908000
BTCUSDT,108080.63000000,0.00026000,2025-07-05 01:16:33.706000
BTCUSDT,108089.99000000,0.00026000,2025-07-05 01:16:34.709000
BTCUSDT,108089.99000000,0.00676000,2025-07-05 01:16:36.159000
BTCUSDT,108089.99000000,0.00090000,2025-07-05 01:16:37.944000
BTCUSDT,108089.99000000,0.00083000,2025-07-05 01:16:39.060000
BTCUSDT,108089.99000000,0.00016000,2025-07-05 01:16:40.100000
BTCUSDT,108090.00000000,0.00012000,2025-07-05 01:16:42.093000
BTCUSDT,108089.99000000,0.00006000,2025-07-05 01:16:43.273000
BTCUSDT,108090.00000000,0.00028000,2025-07-05 01:16:45.943000
BTCUSDT,108089.99000000,0.00272000,2025-07-05 01:16:47.207000
BTCUSDT,108089.99000000,0.00015000,2025-07-05 01:16:48.221000
BTCUSDT,108090.00000000,0.00023000,2025-07-05 01:16:49.303000
BTCUSDT,108090.00000000,0.00037000,2025-07-05 01:16:50.743000
BTCUSDT,108089.99000000,0.00011000,2025-07-05 01:16:51.746000
BTCUSDT,108090.00000000,0.00009000,2025-07-05 01:16:53.704000
BTCUSDT,108089.99000000,0.00010000,2025-07-05 01:16:54.819000
BTCUSDT,108089.99000000,0.00018000,2025-07-05 01:16:56.983000
BTCUSDT,108090.00000000,0.00503000,2025-07-05 01:16:58.006000
BTCUSDT,108090.00000000,0.00009000,2025-07-05 01:16:59.050000
BTCUSDT,108089.99000000,0.00092000,2025-07-05 01:17:00.581000
BTCUSDT,108074.00000000,0.00005000,2025-07-05 01:17:02.505000
BTCUSDT,108074.00000000,0.00057000,2025-07-05 01:17:03.724000
BTCUSDT,108074.00000000,0.00020000,2025-07-05 01:17:05.169000
BTCUSDT,108074.00000000,0.00046000,2025-07-05 01:17:06.444000
BTCUSDT,108070.00000000,0.00536000,2025-07-05 01:17:08.258000
BTCUSDT,108068.00000000,0.00134000,2025-07-05 01:17:09.719000
BTCUSDT,108068.00000000,0.00055000,2025-07-05 01:17:10.773000
BTCUSDT,108068.00000000,0.00005000,2025-07-05 01:17:11.836000
BTCUSDT,108068.00000000,0.00029000,2025-07-05 01:17:13.077000
BTCUSDT,108068.00000000,0.03080000,2025-07-05 01:17:15.631000
BTCUSDT,108068.00000000,0.00602000,2025-07-05 01:17:16.714000
BTCUSDT,108067.92000000,0.00093000,2025-07-05 01:17:18.448000
BTCUSDT,108067.92000000,0.00042000,2025-07-05 01:17:19.601000
BTCUSDT,108064.41000000,0.00127000,2025-07-05 01:17:20.709000
BTCUSDT,108064.41000000,0.02927000,2025-07-05 01:17:21.739000
BTCUSDT,108064.41000000,0.00255000,2025-07-05 01:17:22.744000
BTCUSDT,108064.41000000,0.00005000,2025-07-05 01:17:24.266000
BTCUSDT,108064.00000000,0.00005000,2025-07-05 01:17:25.291000
BTCUSDT,108064.01000000,0.00010000,2025-07-05 01:17:27.314000
BTCUSDT,108064.01000000,0.05347000,2025-07-05 01:17:30.280000
BTCUSDT,108061.53000000,0.05000000,2025-07-05 01:17:31.350000
BTCUSDT,108061.54000000,0.05853000,2025-07-05 01:17:32.737000
BTCUSDT,108061.54000000,0.04582000,2025-07-05 01:17:34.359000
BTCUSDT,108063.22000000,0.00010000,2025-07-05 01:17:36.278000
BTCUSDT,108063.22000000,0.00052000,2025-07-05 01:17:37.903000
BTCUSDT,108063.22000000,0.00215000,2025-07-05 01:17:38.962000
BTCUSDT,108063.21000000,0.00901000,2025-07-05 01:17:39.970000
BTCUSDT,108063.21000000,0.00005000,2025-07-05 01:17:42.261000
BTCUSDT,108063.21000000,0.00776000,2025-07-05 01:17:44.869000
BTCUSDT,108063.22000000,0.04643000,2025-07-05 01:17:46.115000
BTCUSDT,108070.51000000,0.00005000,2025-07-05 01:17:47.940000
BTCUSDT,108070.50000000,0.00077000,2025-07-05 01:17:50.050000
BTCUSDT,108070.51000000,0.00044000,2025-07-05 01:17:51.790000
BTCUSDT,108070.51000000,0.00049000,2025-07-05 01:17:53.752000
BTCUSDT,108070.51000000,0.00004000,2025-07-05 01:17:55.134000
BTCUSDT,108070.51000000,0.00009000,2025-07-05 01:17:56.296000
BTCUSDT,108070.51000000,0.00014000,2025-07-05 01:17:57.775000
BTCUSDT,108070.51000000,0.00018000,2025-07-05 01:17:59.060000
BTCUSDT,108070.50000000,0.00098000,2025-07-05 01:18:00.073000
BTCUSDT,108070.50000000,0.00038000,2025-07-05 01:18:01.074000
BTCUSDT,108078.87000000,0.00025000,2025-07-05 01:18:02.669000
BTCUSDT,108078.87000000,0.00018000,2025-07-05 01:18:04.921000
BTCUSDT,108078.86000000,0.00675000,2025-07-05 01:18:06.463000
BTCUSDT,108078.87000000,0.01251000,2025-07-05 01:18:08.303000
BTCUSDT,108078.87000000,0.00010000,2025-07-05 01:18:09.748000
BTCUSDT,108078.86000000,0.00011000,2025-07-05 01:18:11.012000
BTCUSDT,108078.86000000,0.00088000,2025-07-05 01:18:12.685000
BTCUSDT,108083.00000000,0.00017000,2025-07-05 01:18:14.585000
BTCUSDT,108082.99000000,0.00111000,2025-07-05 01:18:16.116000
BTCUSDT,108083.00000000,0.00037000,2025-07-05 01:18:17.462000
BTCUSDT,108083.00000000,0.06041000,2025-07-05 01:18:18.719000
BTCUSDT,108083.00000000,0.00009000,2025-07-05 01:18:19.726000
BTCUSDT,108083.00000000,0.00033000,2025-07-05 01:18:22.173000
BTCUSDT,108083.00000000,0.00039000,2025-07-05 01:18:24.106000
BTCUSDT,108082.99000000,0.00049000,2025-07-05 01:18:25.311000
BTCUSDT,108082.99000000,0.02232000,2025-07-05 01:18:26.708000
BTCUSDT,108082.99000000,0.00023000,2025-07-05 01:18:28.010000
BTCUSDT,108082.99000000,0.00057000,2025-07-05 01:18:29.552000
BTCUSDT,108083.00000000,0.00010000,2025-07-05 01:18:32.275000
BTCUSDT,108082.99000000,0.01945000,2025-07-05 01:18:35.956000
BTCUSDT,108082.99000000,0.00006000,2025-07-05 01:18:37.295000
BTCUSDT,108082.99000000,0.00007000,2025-07-05 01:18:39.382000
BTCUSDT,108083.00000000,0.00068000,2025-07-05 01:18:40.418000
BTCUSDT,108082.99000000,0.00169000,2025-07-05 01:18:43.658000
BTCUSDT,108083.00000000,0.00010000,2025-07-05 01:18:45.014000
BTCUSDT,108083.00000000,0.00059000,2025-07-05 01:18:46.037000
BTCUSDT,108083.00000000,0.00008000,2025-07-05 01:18:47.139000
BTCUSDT,108083.00000000,0.02059000,2025-07-05 01:18:48.719000
BTCUSDT,108083.00000000,0.00018000,2025-07-05 01:18:49.997000
BTCUSDT,108083.00000000,0.00054000,2025-07-05 01:18:51.628000
BTCUSDT,108083.00000000,0.00008000,2025-07-05 01:18:52.285000
BTCUSDT,108082.99000000,0.00066000,2025-07-05 01:18:53.705000
BTCUSDT,108082.99000000,0.00277000,2025-07-05 01:18:54.768000
BTCUSDT,108074.01000000,0.00008000,2025-07-05 01:18:58.217000
BTCUSDT,108074.01000000,0.00008000,2025-07-05 01:18:59.453000
BTCUSDT,108074.01000000,0.00009000,2025-07-05 01:19:00.785000
BTCUSDT,108074.01000000,0.00008000,2025-07-05 01:19:02.051000
BTCUSDT,108074.00000000,0.00004000,2025-07-05 01:19:03.469000
BTCUSDT,108074.01000000,0.00005000,2025-07-05 01:19:04.654000
BTCUSDT,108074.00000000,0.00010000,2025-07-05 01:19:05.987000
BTCUSDT,108063.20000000,0.00047000,2025-07-05 01:19:08.273000
BTCUSDT,108063.20000000,0.00054000,2025-07-05 01:19:09.408000
BTCUSDT,108063.19000000,0.00556000,2025-07-05 01:19:10.471000
BTCUSDT,108063.19000000,0.00005000,2025-07-05 01:19:11.573000
BTCUSDT,108063.20000000,0.00008000,2025-07-05 01:19:12.946000
BTCUSDT,108063.19000000,0.00005000,2025-07-05 01:19:13.684000
BTCUSDT,108063.19000000,0.00010000,2025-07-05 01:19:15.152000
BTCUSDT,108063.19000000,0.00008000,2025-07-05 01:19:15.513000
BTCUSDT,108063.17000000,0.00005000,2025-07-05 01:19:16.484000
BTCUSDT,108061.54000000,0.00018000,2025-07-05 01:19:18.432000
BTCUSDT,108061.53000000,0.00148000,2025-07-05 01:19:19.862000
BTCUSDT,108061.54000000,0.00007000,2025-07-05 01:19:20.943000
BTCUSDT,108061.53000000,0.00537000,2025-07-05 01:19:22.817000
BTCUSDT,108061.54000000,0.00046000,2025-07-05 01:19:23.871000
BTCUSDT,108061.54000000,0.00009000,2025-07-05 01:19:25.203000
BTCUSDT,108061.54000000,0.00055000,2025-07-05 01:19:26.976000
BTCUSDT,108061.54000000,0.00008000,2025-07-05 01:19:28.016000
BTCUSDT,108061.54000000,0.00085000,2025-07-05 01:19:29.107000
BTCUSDT,108061.53000000,0.00185000,2025-07-05 01:19:30.164000
BTCUSDT,108061.54000000,0.00005000,2025-07-05 01:19:31.554000
BTCUSDT,108060.00000000,0.00150000,2025-07-05 01:19:32.619000
BTCUSDT,108058.38000000,0.00009000,2025-07-05 01:19:33.635000
BTCUSDT,108058.38000000,0.00053000,2025-07-05 01:19:35.030000
BTCUSDT,108058.38000000,0.00049000,2025-07-05 01:19:36.589000
BTCUSDT,108058.38000000,0.00036000,2025-07-05 01:19:38.472000
BTCUSDT,108058.38000000,0.00005000,2025-07-05 01:19:40.353000
BTCUSDT,108058.38000000,0.00008000,2025-07-05 01:19:41.510000
BTCUSDT,108058.38000000,0.00005000,2025-07-05 01:19:43.267000
BTCUSDT,108058.38000000,0.00006000,2025-07-05 01:19:44.732000
BTCUSDT,108058.38000000,0.00139000,2025-07-05 01:19:46.001000
BTCUSDT,108058.38000000,0.00008000,2025-07-05 01:19:47.251000
BTCUSDT,108058.38000000,0.00051000,2025-07-05 01:19:48.719000
BTCUSDT,108058.37000000,0.00119000,2025-07-05 01:19:50.025000
BTCUSDT,108057.36000000,0.00054000,2025-07-05 01:19:51.296000
BTCUSDT,108057.35000000,0.00010000,2025-07-05 01:19:52.506000
BTCUSDT,108057.35000000,0.00013000,2025-07-05 01:19:53.711000
BTCUSDT,108057.35000000,0.00011000,2025-07-05 01:19:55.331000
BTCUSDT,108057.36000000,0.00126000,2025-07-05 01:19:56.376000
BTCUSDT,108057.35000000,0.00038000,2025-07-05 01:19:57.426000
BTCUSDT,108057.35000000,0.00032000,2025-07-05 01:19:58.646000
BTCUSDT,108057.36000000,0.00395000,2025-07-05 01:20:00.723000
BTCUSDT,108057.35000000,0.00007000,2025-07-05 01:20:01.789000
BTCUSDT,108057.35000000,0.00015000,2025-07-05 01:20:02.852000
BTCUSDT,108057.36000000,0.00008000,2025-07-05 01:20:04.216000
BTCUSDT,108057.35000000,0.00008000,2025-07-05 01:20:05.260000
BTCUSDT,108057.36000000,0.00008000,2025-07-05 01:20:07.005000
BTCUSDT,108057.36000000,0.00005000,2025-07-05 01:20:08.067000
BTCUSDT,108057.36000000,0.00116000,2025-07-05 01:20:09.312000
BTCUSDT,108057.36000000,0.00008000,2025-07-05 01:20:11.068000
BTCUSDT,108057.35000000,0.03060000,2025-07-05 01:20:12.734000
BTCUSDT,108057.36000000,0.00025000,2025-07-05 01:20:14.128000
BTCUSDT,108057.35000000,0.05325000,2025-07-05 01:20:15.484000
BTCUSDT,108057.36000000,0.00762000,2025-07-05 01:20:16.538000
BTCUSDT,108057.36000000,0.00007000,2025-07-05 01:20:17.941000
BTCUSDT,108057.36000000,0.00018000,2025-07-05 01:20:19.226000
BTCUSDT,108057.35000000,0.00023000,2025-07-05 01:20:20.831000
BTCUSDT,108057.36000000,0.00007000,2025-07-05 01:20:21.985000
BTCUSDT,108057.35000000,0.00531000,2025-07-05 01:20:23.087000
BTCUSDT,108057.36000000,0.00093000,2025-07-05 01:20:24.462000
BTCUSDT,108057.36000000,0.00029000,2025-07-05 01:20:27.382000
BTCUSDT,108057.35000000,0.00012000,2025-07-05 01:20:28.518000
BTCUSDT,108057.36000000,0.00092000,2025-07-05 01:20:29.699000
BTCUSDT,108057.36000000,0.00046000,2025-07-05 01:20:30.777000
BTCUSDT,108057.36000000,0.00101000,2025-07-05 01:20:31.948000
BTCUSDT,108057.35000000,0.00018000,2025-07-05 01:20:33.431000
BTCUSDT,108061.54000000,0.00019000,2025-07-05 01:20:34.474000
BTCUSDT,108061.54000000,0.03804000,2025-07-05 01:20:35.688000
BTCUSDT,108061.54000000,0.02543000,2025-07-05 01:20:37.757000
BTCUSDT,108061.54000000,0.00009000,2025-07-05 01:20:39.405000
BTCUSDT,108061.53000000,0.00091000,2025-07-05 01:20:41.484000
BTCUSDT,108061.53000000,0.00117000,2025-07-05 01:20:44.546000
BTCUSDT,108061.70000000,0.00005000,2025-07-05 01:20:45.689000
BTCUSDT,108061.70000000,0.00005000,2025-07-05 01:20:46.736000
BTCUSDT,108061.70000000,0.00049000,2025-07-05 01:20:48.722000
BTCUSDT,108061.70000000,0.00010000,2025-07-05 01:20:49.872000
BTCUSDT,108065.00000000,0.00100000,2025-07-05 01:20:50.892000
BTCUSDT,108067.93000000,0.00704000,2025-07-05 01:20:52.102000
BTCUSDT,108076.00000000,0.00005000,2025-07-05 01:20:53.340000
BTCUSDT,108077.19000000,0.00001000,2025-07-05 01:20:54.364000
BTCUSDT,108077.19000000,0.00008000,2025-07-05 01:20:56.663000
BTCUSDT,108079.86000000,0.00005000,2025-07-05 01:20:58.208000
BTCUSDT,108079.99000000,0.00134000,2025-07-05 01:20:59.310000
BTCUSDT,108082.99000000,0.00008000,2025-07-05 01:21:00.384000
BTCUSDT,108082.99000000,0.00008000,2025-07-05 01:21:01.459000
BTCUSDT,108082.98000000,0.00011000,2025-07-05 01:21:02.875000
BTCUSDT,108082.99000000,0.00009000,2025-07-05 01:21:04.261000
BTCUSDT,108082.99000000,0.00008000,2025-07-05 01:21:05.545000
BTCUSDT,108082.99000000,0.00015000,2025-07-05 01:21:07.264000
BTCUSDT,108082.98000000,0.00069000,2025-07-05 01:21:09.012000
BTCUSDT,108082.99000000,0.00074000,2025-07-05 01:21:10.088000
BTCUSDT,108086.04000000,0.00005000,2025-07-05 01:21:11.511000
BTCUSDT,108086.03000000,0.00011000,2025-07-05 01:21:12.785000
BTCUSDT,108086.04000000,0.00002000,2025-07-05 01:21:14.408000
BTCUSDT,108086.04000000,0.00008000,2025-07-05 01:21:15.563000
BTCUSDT,108086.03000000,0.00086000,2025-07-05 01:21:16.572000
BTCUSDT,108086.04000000,0.00007000,2025-07-05 01:21:17.645000
BTCUSDT,108086.04000000,0.06041000,2025-07-05 01:21:18.721000
BTCUSDT,108086.04000000,0.00008000,2025-07-05 01:21:19.890000
BTCUSDT,108086.04000000,0.00010000,2025-07-05 01:21:21.274000
BTCUSDT,108086.04000000,0.00009000,2025-07-05 01:21:22.644000
BTCUSDT,108086.04000000,0.00163000,2025-07-05 01:21:24.182000
BTCUSDT,108086.04000000,0.03224000,2025-07-05 01:21:25.194000
BTCUSDT,108086.03000000,0.00012000,2025-07-05 01:21:26.306000
BTCUSDT,108086.04000000,0.00232000,2025-07-05 01:21:27.548000
BTCUSDT,108086.04000000,0.00089000,2025-07-05 01:21:28.784000
BTCUSDT,108086.04000000,0.00925000,2025-07-05 01:21:29.965000
BTCUSDT,108086.04000000,0.00056000,2025-07-05 01:21:30.972000
BTCUSDT,108086.04000000,0.00009000,2025-07-05 01:21:32.151000
BTCUSDT,108086.03000000,0.00006000,2025-07-05 01:21:33.750000
BTCUSDT,108086.04000000,0.02740000,2025-07-05 01:21:35.688000
BTCUSDT,108086.04000000,0.00008000,2025-07-05 01:21:37.311000
BTCUSDT,108086.04000000,0.00008000,2025-07-05 01:21:39.250000
BTCUSDT,108086.04000000,0.00185000,2025-07-05 01:21:40.920000
BTCUSDT,108086.04000000,0.02887000,2025-07-05 01:21:43.367000
BTCUSDT,108086.03000000,0.00017000,2025-07-05 01:21:45.453000
BTCUSDT,108086.04000000,0.00010000,2025-07-05 01:21:47.263000
BTCUSDT,108086.03000000,0.00027000,2025-07-05 01:21:48.477000
BTCUSDT,108086.04000000,0.00008000,2025-07-05 01:21:49.704000
BTCUSDT,108086.04000000,0.00013000,2025-07-05 01:21:51.007000
BTCUSDT,108086.04000000,0.00008000,2025-07-05 01:21:52.189000
BTCUSDT,108086.03000000,0.00022000,2025-07-05 01:21:53.862000
BTCUSDT,108086.04000000,0.00008000,2025-07-05 01:21:55.325000
BTCUSDT,108086.04000000,0.00036000,2025-07-05 01:21:56.739000
BTCUSDT,108086.04000000,0.00009000,2025-07-05 01:21:58.427000
BTCUSDT,108086.03000000,0.00130000,2025-07-05 01:21:59.486000
BTCUSDT,108086.03000000,0.00490000,2025-07-05 01:22:00.585000
BTCUSDT,108086.03000000,0.00102000,2025-07-05 01:22:01.885000
BTCUSDT,108086.03000000,0.00170000,2025-07-05 01:22:03.001000
BTCUSDT,108086.03000000,0.00020000,2025-07-05 01:22:04.013000
BTCUSDT,108086.04000000,0.00008000,2025-07-05 01:22:05.108000
BTCUSDT,108086.03000000,0.02700000,2025-07-05 01:22:06.127000
BTCUSDT,108086.03000000,0.00010000,2025-07-05 01:22:07.147000
BTCUSDT,108086.04000000,0.00009000,2025-07-05 01:22:08.235000
BTCUSDT,108086.04000000,0.00008000,2025-07-05 01:22:09.497000
BTCUSDT,108086.03000000,0.00860000,2025-07-05 01:22:10.510000
BTCUSDT,108086.03000000,0.00090000,2025-07-05 01:22:11.517000
BTCUSDT,108086.03000000,0.00270000,2025-07-05 01:22:12.565000
BTCUSDT,108086.04000000,0.00036000,2025-07-05 01:22:14.217000
BTCUSDT,108086.04000000,0.00008000,2025-07-05 01:22:15.647000
BTCUSDT,108086.04000000,0.00009000,2025-07-05 01:22:17.477000
BTCUSDT,108086.04000000,0.00046000,2025-07-05 01:22:18.596000
BTCUSDT,108086.03000000,0.00010000,2025-07-05 01:22:19.749000
BTCUSDT,108086.04000000,0.00008000,2025-07-05 01:22:20.959000
BTCUSDT,108086.03000000,0.00680000,2025-07-05 01:22:23.070000
BTCUSDT,108086.04000000,0.00006000,2025-07-05 01:22:24.610000
BTCUSDT,108086.04000000,0.00029000,2025-07-05 01:22:25.936000
BTCUSDT,108086.04000000,0.00008000,2025-07-05 01:22:27.181000
BTCUSDT,108086.04000000,0.00008000,2025-07-05 01:22:28.261000
BTCUSDT,108086.03000000,0.00061000,2025-07-05 01:22:29.343000
BTCUSDT,108086.03000000,0.00007000,2025-07-05 01:22:30.828000
BTCUSDT,108086.04000000,0.00036000,2025-07-05 01:22:32.369000
BTCUSDT,108086.04000000,0.00036000,2025-07-05 01:22:33.710000
BTCUSDT,108086.03000000,0.00054000,2025-07-05 01:22:34.725000
BTCUSDT,108086.04000000,0.00006000,2025-07-05 01:22:35.861000
BTCUSDT,108086.03000000,0.00484000,2025-07-05 01:22:37.531000
BTCUSDT,108086.04000000,0.00081000,2025-07-05 01:22:38.543000
BTCUSDT,108086.04000000,0.05000000,2025-07-05 01:22:40.207000
BTCUSDT,108086.03000000,0.00801000,2025-07-05 01:22:41.712000
BTCUSDT,108086.04000000,0.00045000,2025-07-05 01:22:43.153000
BTCUSDT,108086.04000000,0.00017000,2025-07-05 01:22:44.496000
BTCUSDT,108086.03000000,0.00007000,2025-07-05 01:22:45.584000
BTCUSDT,108086.04000000,0.00045000,2025-07-05 01:22:47.110000
BTCUSDT,108086.04000000,0.02877000,2025-07-05 01:22:48.342000
BTCUSDT,108086.03000000,0.00054000,2025-07-05 01:22:49.493000
BTCUSDT,108086.04000000,0.00008000,2025-07-05 01:22:50.705000
BTCUSDT,108086.03000000,0.00925000,2025-07-05 01:22:51.937000
BTCUSDT,108086.03000000,0.00035000,2025-07-05 01:22:53.065000
BTCUSDT,108086.04000000,0.00006000,2025-07-05 01:22:54.784000
BTCUSDT,108086.04000000,0.00008000,2025-07-05 01:22:56.051000
BTCUSDT,108086.03000000,0.00026000,2025-07-05 01:22:57.160000
BTCUSDT,108086.04000000,0.00045000,2025-07-05 01:22:58.266000
BTCUSDT,108086.04000000,0.00008000,2025-07-05 01:22:59.374000
BTCUSDT,108086.04000000,0.00045000,2025-07-05 01:23:00.728000
BTCUSDT,108086.04000000,0.00462000,2025-07-05 01:23:02.246000
BTCUSDT,108086.04000000,0.00045000,2025-07-05 01:23:03.683000
BTCUSDT,108093.11000000,0.00115000,2025-07-05 01:23:05.215000
BTCUSDT,108101.00000000,0.00008000,2025-07-05 01:23:06.786000
BTCUSDT,108101.00000000,0.00045000,2025-07-05 01:23:08.584000
BTCUSDT,108101.00000000,0.00009000,2025-07-05 01:23:09.812000
BTCUSDT,108101.00000000,0.00008000,2025-07-05 01:23:10.887000
BTCUSDT,108100.99000000,0.00335000,2025-07-05 01:23:12.376000
BTCUSDT,108101.00000000,0.00376000,2025-07-05 01:23:13.438000
BTCUSDT,108101.00000000,0.00008000,2025-07-05 01:23:14.920000
BTCUSDT,108101.00000000,0.00008000,2025-07-05 01:23:16.297000
BTCUSDT,108101.00000000,0.00009000,2025-07-05 01:23:17.691000
BTCUSDT,108101.00000000,0.06041000,2025-07-05 01:23:18.721000
BTCUSDT,108100.99000000,0.00018000,2025-07-05 01:23:19.822000
BTCUSDT,108100.99000000,0.00018000,2025-07-05 01:23:20.816000
BTCUSDT,108100.99000000,0.00018000,2025-07-05 01:23:21.824000
BTCUSDT,108100.99000000,0.00018000,2025-07-05 01:23:22.827000
BTCUSDT,108101.00000000,0.00009000,2025-07-05 01:23:24.309000
BTCUSDT,108100.99000000,0.00402000,2025-07-05 01:23:25.487000
BTCUSDT,108101.00000000,0.00045000,2025-07-05 01:23:26.590000
BTCUSDT,108101.00000000,0.00009000,2025-07-05 01:23:27.898000
BTCUSDT,108092.01000000,0.00018000,2025-07-05 01:23:28.913000
BTCUSDT,108092.01000000,0.00008000,2025-07-05 01:23:30.116000
BTCUSDT,108092.01000000,0.00008000,2025-07-05 01:23:31.605000
BTCUSDT,108092.00000000,0.00069000,2025-07-05 01:23:34.074000
BTCUSDT,108092.01000000,0.00004000,2025-07-05 01:23:35.167000
BTCUSDT,108092.01000000,0.00045000,2025-07-05 01:23:36.205000
BTCUSDT,108092.00000000,0.02285000,2025-07-05 01:23:37.764000
BTCUSDT,108092.00000000,0.00010000,2025-07-05 01:23:40.386000
BTCUSDT,108092.01000000,0.00318000,2025-07-05 01:23:41.745000
BTCUSDT,108092.01000000,0.00057000,2025-07-05 01:23:42.772000
BTCUSDT,108092.01000000,0.00008000,2025-07-05 01:23:46.475000
BTCUSDT,108092.01000000,0.00005000,2025-07-05 01:23:47.806000
BTCUSDT,108095.99000000,0.00010000,2025-07-05 01:23:48.948000
BTCUSDT,108096.00000000,0.00050000,2025-07-05 01:23:50.112000
BTCUSDT,108096.00000000,0.00063000,2025-07-05 01:23:51.215000
BTCUSDT,108095.99000000,0.00135000,2025-07-05 01:23:52.905000
BTCUSDT,108095.99000000,0.00058000,2025-07-05 01:23:54.200000
BTCUSDT,108096.00000000,0.00054000,2025-07-05 01:23:56.069000
BTCUSDT,108096.00000000,0.00010000,2025-07-05 01:23:57.221000
BTCUSDT,108095.99000000,0.00011000,2025-07-05 01:23:58.274000
BTCUSDT,108095.99000000,0.00018000,2025-07-05 01:23:59.428000
BTCUSDT,108096.00000000,0.00008000,2025-07-05 01:24:01.027000
BTCUSDT,108100.98000000,0.00029000,2025-07-05 01:24:02.160000
BTCUSDT,108100.97000000,0.00018000,2025-07-05 01:24:03.436000
BTCUSDT,108100.99000000,0.00009000,2025-07-05 01:24:04.624000
BTCUSDT,108100.99000000,0.00007000,2025-07-05 01:24:06.646000
BTCUSDT,108106.00000000,0.00021000,2025-07-05 01:24:07.715000
BTCUSDT,108106.01000000,0.00008000,2025-07-05 01:24:08.920000
BTCUSDT,108106.01000000,0.00025000,2025-07-05 01:24:10.043000
BTCUSDT,108106.01000000,0.00008000,2025-07-05 01:24:11.100000
BTCUSDT,108106.01000000,0.00008000,2025-07-05 01:24:12.206000
BTCUSDT,108106.01000000,0.02306000,2025-07-05 01:24:13.413000
BTCUSDT,108106.00000000,0.00697000,2025-07-05 01:24:14.828000
BTCUSDT,108130.79000000,0.00052000,2025-07-05 01:24:15.838000
BTCUSDT,108130.80000000,0.00009000,2025-07-05 01:24:16.902000
BTCUSDT,108130.80000000,0.00008000,2025-07-05 01:24:18.045000
BTCUSDT,108130.79000000,0.15171000,2025-07-05 01:24:19.055000
BTCUSDT,108130.80000000,0.00008000,2025-07-05 01:24:20.686000
BTCUSDT,108130.79000000,0.00534000,2025-07-05 01:24:22.126000
BTCUSDT,108130.79000000,0.34429000,2025-07-05 01:24:23.502000
BTCUSDT,108130.80000000,0.00045000,2025-07-05 01:24:24.772000
BTCUSDT,108130.80000000,0.00041000,2025-07-05 01:24:26.978000
BTCUSDT,108130.80000000,0.00020000,2025-07-05 01:24:28.119000
BTCUSDT,108130.79000000,0.00051000,2025-07-05 01:24:29.448000
BTCUSDT,108130.79000000,0.00016000,2025-07-05 01:24:31.756000
BTCUSDT,108130.80000000,0.00049000,2025-07-05 01:24:32.781000
BTCUSDT,108130.80000000,0.00009000,2025-07-05 01:24:34.329000
BTCUSDT,108130.79000000,0.00044000,2025-07-05 01:24:36.079000
BTCUSDT,108130.79000000,0.00210000,2025-07-05 01:24:37.176000
BTCUSDT,108130.80000000,0.00278000,2025-07-05 01:24:38.387000
BTCUSDT,108130.80000000,0.00008000,2025-07-05 01:24:39.520000
BTCUSDT,108130.80000000,0.00018000,2025-07-05 01:24:40.630000
BTCUSDT,108130.80000000,0.00008000,2025-07-05 01:24:41.705000
BTCUSDT,108130.80000000,0.00013000,2025-07-05 01:24:43.228000
BTCUSDT,108130.80000000,0.00095000,2025-07-05 01:24:44.296000
BTCUSDT,108130.79000000,0.00034000,2025-07-05 01:24:45.926000
BTCUSDT,108130.80000000,0.00008000,2025-07-05 01:24:47.534000
BTCUSDT,108130.80000000,0.00008000,2025-07-05 01:24:48.574000
BTCUSDT,108130.80000000,0.00016000,2025-07-05 01:24:50.110000
BTCUSDT,108130.80000000,0.00009000,2025-07-05 01:24:51.341000
BTCUSDT,108130.80000000,0.00008000,2025-07-05 01:24:52.395000
BTCUSDT,108130.80000000,0.00006000,2025-07-05 01:24:53.562000
BTCUSDT,108130.79000000,0.00018000,2025-07-05 01:24:54.920000
BTCUSDT,108130.80000000,0.03579000,2025-07-05 01:24:56.048000
BTCUSDT,108130.80000000,0.00007000,2025-07-05 01:24:57.249000
BTCUSDT,108130.80000000,0.00026000,2025-07-05 01:24:58.405000
BTCUSDT,108130.80000000,0.00005000,2025-07-05 01:24:59.465000
BTCUSDT,108130.80000000,0.00050000,2025-07-05 01:25:00.957000
BTCUSDT,108130.80000000,0.00158000,2025-07-05 01:25:01.996000
BTCUSDT,108130.80000000,0.00046000,2025-07-05 01:25:03.087000
BTCUSDT,108130.80000000,0.00007000,2025-07-05 01:25:04.487000
BTCUSDT,108130.79000000,0.00007000,2025-07-05 01:25:06.976000
BTCUSDT,108130.80000000,0.00036000,2025-07-05 01:25:08.578000
BTCUSDT,108130.80000000,0.00009000,2025-07-05 01:25:10.048000
BTCUSDT,108130.79000000,0.00052000,2025-07-05 01:25:12.636000
BTCUSDT,108130.79000000,0.00007000,2025-07-05 01:25:13.942000
BTCUSDT,108130.80000000,0.00017000,2025-07-05 01:25:16.010000
BTCUSDT,108130.79000000,0.00020000,2025-07-05 01:25:17.682000
BTCUSDT,108130.79000000,0.00236000,2025-07-05 01:25:18.814000
BTCUSDT,108130.80000000,0.00173000,2025-07-05 01:25:21.782000
BTCUSDT,108130.80000000,0.00009000,2025-07-05 01:25:24.896000
BTCUSDT,108130.80000000,0.00231000,2025-07-05 01:25:25.966000
BTCUSDT,108130.79000000,0.00400000,2025-07-05 01:25:27.226000
BTCUSDT,108130.79000000,0.00053000,2025-07-05 01:25:28.496000
BTCUSDT,108130.80000000,0.00024000,2025-07-05 01:25:29.643000
BTCUSDT,108130.80000000,0.00007000,2025-07-05 01:25:30.799000
BTCUSDT,108119.98000000,0.01086000,2025-07-05 01:25:31.815000
BTCUSDT,108104.29000000,0.00005000,2025-07-05 01:25:33.487000
BTCUSDT,108104.29000000,0.00005000,2025-07-05 01:25:34.508000
BTCUSDT,108104.29000000,0.00001000,2025-07-05 01:25:35.621000
BTCUSDT,108104.30000000,0.00511000,2025-07-05 01:25:36.750000
BTCUSDT,108104.29000000,0.00025000,2025-07-05 01:25:37.951000
BTCUSDT,108104.30000000,0.00035000,2025-07-05 01:25:39.270000
BTCUSDT,108104.29000000,0.00051000,2025-07-05 01:25:40.392000
BTCUSDT,108104.29000000,0.00093000,2025-07-05 01:25:42.143000
BTCUSDT,108104.30000000,0.01850000,2025-07-05 01:25:43.893000
BTCUSDT,108104.29000000,0.00936000,2025-07-05 01:25:45.594000
BTCUSDT,108104.30000000,0.00036000,2025-07-05 01:25:46.830000
BTCUSDT,108104.29000000,0.00168000,2025-07-05 01:25:48.055000
BTCUSDT,108104.30000000,0.00262000,2025-07-05 01:25:49.275000
BTCUSDT,108104.30000000,0.00009000,2025-07-05 01:25:50.300000
BTCUSDT,108104.30000000,0.00009000,2025-07-05 01:25:53.112000
BTCUSDT,108104.29000000,0.00008000,2025-07-05 01:25:54.573000
BTCUSDT,108104.29000000,0.00032000,2025-07-05 01:25:55.747000
BTCUSDT,108104.30000000,0.00036000,2025-07-05 01:25:57.429000
BTCUSDT,108104.30000000,0.00006000,2025-07-05 01:25:58.686000
BTCUSDT,108104.29000000,0.00151000,2025-07-05 01:26:00.053000
BTCUSDT,108104.29000000,0.00060000,2025-07-05 01:26:01.172000
BTCUSDT,108104.29000000,0.00014000,2025-07-05 01:26:02.423000
BTCUSDT,108104.30000000,0.00036000,2025-07-05 01:26:04.558000
BTCUSDT,108104.29000000,0.00149000,2025-07-05 01:26:06.185000
BTCUSDT,108104.30000000,0.00018000,2025-07-05 01:26:07.456000
BTCUSDT,108104.30000000,0.00010000,2025-07-05 01:26:08.676000
BTCUSDT,108113.61000000,0.00005000,2025-07-05 01:26:09.843000
BTCUSDT,108114.60000000,0.00508000,2025-07-05 01:26:11.012000
BTCUSDT,108114.61000000,0.00019000,2025-07-05 01:26:14.171000
BTCUSDT,108114.61000000,0.00008000,2025-07-05 01:26:15.409000
BTCUSDT,108114.60000000,0.00464000,2025-07-05 01:26:16.455000
BTCUSDT,108114.61000000,0.00009000,2025-07-05 01:26:17.477000
BTCUSDT,108114.61000000,0.00008000,2025-07-05 01:26:18.506000
BTCUSDT,108114.60000000,0.00049000,2025-07-05 01:26:20.093000
BTCUSDT,108114.61000000,0.00047000,2025-07-05 01:26:21.123000
BTCUSDT,108114.61000000,0.00333000,2025-07-05 01:26:22.884000
BTCUSDT,108114.61000000,0.00027000,2025-07-05 01:26:23.916000
BTCUSDT,108114.60000000,0.00009000,2025-07-05 01:26:26.348000
BTCUSDT,108114.61000000,0.00008000,2025-07-05 01:26:29.039000
BTCUSDT,108114.61000000,0.00019000,2025-07-05 01:26:30.276000
BTCUSDT,108114.61000000,0.00008000,2025-07-05 01:26:32.471000
BTCUSDT,108114.61000000,0.00021000,2025-07-05 01:26:35.268000
BTCUSDT,108114.61000000,0.00169000,2025-07-05 01:26:37.961000
BTCUSDT,108114.61000000,0.00008000,2025-07-05 01:26:39.475000
BTCUSDT,108114.60000000,0.00361000,2025-07-05 01:26:41.510000
BTCUSDT,108114.61000000,0.00027000,2025-07-05 01:26:43.315000
BTCUSDT,108114.61000000,0.00027000,2025-07-05 01:26:44.758000
BTCUSDT,108114.61000000,0.00005000,2025-07-05 01:26:45.793000
BTCUSDT,108117.99000000,0.00005000,2025-07-05 01:26:47.034000
BTCUSDT,108117.99000000,0.00008000,2025-07-05 01:26:48.627000
BTCUSDT,108117.99000000,0.00009000,2025-07-05 01:26:50.234000
BTCUSDT,108117.99000000,0.00008000,2025-07-05 01:26:51.463000
BTCUSDT,108117.99000000,0.00009000,2025-07-05 01:26:52.788000
BTCUSDT,108117.99000000,0.00006000,2025-07-05 01:26:54.584000
BTCUSDT,108117.99000000,0.00005000,2025-07-05 01:26:55.858000
BTCUSDT,108117.99000000,0.00053000,2025-07-05 01:26:57.198000
BTCUSDT,108117.99000000,0.00008000,2025-07-05 01:26:58.304000
BTCUSDT,108117.99000000,0.00007000,2025-07-05 01:26:59.419000
BTCUSDT,108117.99000000,0.00009000,2025-07-05 01:27:01.197000
BTCUSDT,108117.99000000,0.00008000,2025-07-05 01:27:02.569000
BTCUSDT,108117.99000000,0.00020000,2025-07-05 01:27:04.005000
BTCUSDT,108117.99000000,0.00008000,2025-07-05 01:27:05.246000
BTCUSDT,108117.99000000,0.00018000,2025-07-05 01:27:06.545000
BTCUSDT,108117.99000000,0.00009000,2025-07-05 01:27:07.782000
BTCUSDT,108117.99000000,0.00008000,2025-07-05 01:27:09.310000
BTCUSDT,108117.99000000,0.00045000,2025-07-05 01:27:10.673000
BTCUSDT,108117.99000000,0.00010000,2025-07-05 01:27:12.177000
BTCUSDT,108117.98000000,0.00153000,2025-07-05 01:27:15.663000
BTCUSDT,108117.99000000,0.00008000,2025-07-05 01:27:16.946000
BTCUSDT,108117.98000000,0.00066000,2025-07-05 01:27:18.258000
BTCUSDT,108117.99000000,0.06040000,2025-07-05 01:27:19.273000
BTCUSDT,108117.99000000,0.00009000,2025-07-05 01:27:20.287000
BTCUSDT,108117.98000000,0.00010000,2025-07-05 01:27:21.872000
BTCUSDT,108117.98000000,0.00017000,2025-07-05 01:27:22.978000
BTCUSDT,108117.99000000,0.00008000,2025-07-05 01:27:24.281000
BTCUSDT,108117.99000000,0.00009000,2025-07-05 01:27:25.718000
BTCUSDT,108117.99000000,0.00006000,2025-07-05 01:27:26.818000
BTCUSDT,108117.99000000,0.00034000,2025-07-05 01:27:27.877000
BTCUSDT,108117.98000000,0.00231000,2025-07-05 01:27:28.911000
BTCUSDT,108104.01000000,0.00007000,2025-07-05 01:27:29.939000
BTCUSDT,108104.01000000,0.00009000,2025-07-05 01:27:31.750000
BTCUSDT,108104.01000000,0.00042000,2025-07-05 01:27:32.796000
BTCUSDT,108104.01000000,0.00024000,2025-07-05 01:27:34.180000
BTCUSDT,108104.01000000,0.00147000,2025-07-05 01:27:35.765000
BTCUSDT,108104.01000000,0.00018000,2025-07-05 01:27:37.001000
BTCUSDT,108104.00000000,0.00013000,2025-07-05 01:27:38.258000
BTCUSDT,108104.01000000,0.00008000,2025-07-05 01:27:39.467000
BTCUSDT,108104.00000000,0.00027000,2025-07-05 01:27:41.067000
BTCUSDT,108104.01000000,0.00020000,2025-07-05 01:27:42.503000
BTCUSDT,108104.00000000,0.00010000,2025-07-05 01:27:44.681000
BTCUSDT,108104.00000000,0.00008000,2025-07-05 01:27:45.685000
BTCUSDT,108104.01000000,0.00008000,2025-07-05 01:27:47.439000
BTCUSDT,108104.01000000,0.00008000,2025-07-05 01:27:48.761000
BTCUSDT,108104.01000000,0.00009000,2025-07-05 01:27:49.850000
BTCUSDT,108104.01000000,0.00009000,2025-07-05 01:27:51.380000
BTCUSDT,108104.01000000,0.00024000,2025-07-05 01:27:54.730000
BTCUSDT,108104.01000000,0.00008000,2025-07-05 01:27:56.086000
BTCUSDT,108104.01000000,0.00009000,2025-07-05 01:27:57.597000
BTCUSDT,108104.01000000,0.00024000,2025-07-05 01:27:58.661000
BTCUSDT,108104.01000000,0.00008000,2025-07-05 01:28:00.234000
BTCUSDT,108104.01000000,0.00010000,2025-07-05 01:28:01.339000
BTCUSDT,108104.00000000,0.00011000,2025-07-05 01:28:02.411000
BTCUSDT,108104.00000000,0.00024000,2025-07-05 01:28:04.430000
BTCUSDT,108104.01000000,0.00008000,2025-07-05 01:28:05.645000
BTCUSDT,108104.01000000,0.00006000,2025-07-05 01:28:07.973000
BTCUSDT,108104.00000000,0.01172000,2025-07-05 01:28:09.059000
BTCUSDT,108104.00000000,0.00116000,2025-07-05 01:28:10.761000
BTCUSDT,108104.01000000,0.00155000,2025-07-05 01:28:12.745000
BTCUSDT,108104.00000000,0.00029000,2025-07-05 01:28:14.174000
BTCUSDT,108104.01000000,0.00008000,2025-07-05 01:28:15.335000
BTCUSDT,108104.00000000,0.00068000,2025-07-05 01:28:16.712000
BTCUSDT,108104.01000000,0.00008000,2025-07-05 01:28:17.747000
BTCUSDT,108104.01000000,0.00019000,2025-07-05 01:28:18.911000
BTCUSDT,108104.01000000,0.00009000,2025-07-05 01:28:19.990000
BTCUSDT,108104.00000000,0.00060000,2025-07-05 01:28:21.210000
BTCUSDT,108104.01000000,0.00008000,2025-07-05 01:28:22.360000
BTCUSDT,108104.00000000,0.01556000,2025-07-05 01:28:23.652000
BTCUSDT,108104.01000000,0.00008000,2025-07-05 01:28:26.008000
BTCUSDT,108104.01000000,0.00033000,2025-07-05 01:28:27.517000
BTCUSDT,108104.01000000,0.00132000,2025-07-05 01:28:28.636000
BTCUSDT,108104.00000000,0.00047000,2025-07-05 01:28:29.703000
BTCUSDT,108104.01000000,0.00462000,2025-07-05 01:28:31.029000
BTCUSDT,108104.00000000,0.00290000,2025-07-05 01:28:32.314000
BTCUSDT,108104.01000000,0.00009000,2025-07-05 01:28:33.643000
BTCUSDT,108104.01000000,0.00006000,2025-07-05 01:28:35.809000
BTCUSDT,108104.01000000,0.00026000,2025-07-05 01:28:37.701000
BTCUSDT,108104.00000000,0.00029000,2025-07-05 01:28:39.289000
BTCUSDT,108104.01000000,0.00242000,2025-07-05 01:28:41.796000
BTCUSDT,108104.01000000,0.00039000,2025-07-05 01:28:42.987000
BTCUSDT,108104.01000000,0.00022000,2025-07-05 01:28:44.010000
BTCUSDT,108104.00000000,0.00009000,2025-07-05 01:28:45.082000
BTCUSDT,108104.01000000,0.00008000,2025-07-05 01:28:46.854000
BTCUSDT,108104.01000000,0.00021000,2025-07-05 01:28:48.166000
BTCUSDT,108104.01000000,0.06041000,2025-07-05 01:28:49.275000
BTCUSDT,108104.01000000,0.00117000,2025-07-05 01:28:50.828000
BTCUSDT,108104.00000000,0.00205000,2025-07-05 01:28:51.950000
BTCUSDT,108104.00000000,0.00021000,2025-07-05 01:28:53.600000
BTCUSDT,108104.00000000,0.01000000,2025-07-05 01:28:56.147000
BTCUSDT,108104.01000000,0.00574000,2025-07-05 01:28:57.838000
BTCUSDT,108104.00000000,0.00030000,2025-07-05 01:28:59.795000
BTCUSDT,108104.00000000,0.00576000,2025-07-05 01:29:00.856000
BTCUSDT,108104.00000000,0.00026000,2025-07-05 01:29:02.416000
BTCUSDT,108104.00000000,0.00010000,2025-07-05 01:29:04.087000
BTCUSDT,108104.01000000,0.00007000,2025-07-05 01:29:06.543000
BTCUSDT,108104.00000000,0.00184000,2025-07-05 01:29:07.610000
BTCUSDT,108104.00000000,0.00007000,2025-07-05 01:29:10.808000
BTCUSDT,108104.00000000,0.00030000,2025-07-05 01:29:12.153000
BTCUSDT,108104.01000000,0.00740000,2025-07-05 01:29:13.315000
BTCUSDT,108104.00000000,0.00050000,2025-07-05 01:29:15.190000
BTCUSDT,108104.00000000,0.00008000,2025-07-05 01:29:16.455000
BTCUSDT,108104.00000000,0.00206000,2025-07-05 01:29:18.278000
BTCUSDT,108104.00000000,0.00028000,2025-07-05 01:29:20.002000
BTCUSDT,108104.01000000,0.00027000,2025-07-05 01:29:21.558000
BTCUSDT,108104.00000000,0.00007000,2025-07-05 01:29:24.738000
BTCUSDT,108104.00000000,0.00033000,2025-07-05 01:29:26.058000
BTCUSDT,108104.00000000,0.01000000,2025-07-05 01:29:27.268000
BTCUSDT,108104.00000000,0.00148000,2025-07-05 01:29:28.808000
BTCUSDT,108104.00000000,0.00012000,2025-07-05 01:29:29.913000
BTCUSDT,108104.01000000,0.00008000,2025-07-05 01:29:31.498000
BTCUSDT,108104.00000000,0.00026000,2025-07-05 01:29:32.552000
BTCUSDT,108104.01000000,0.00004000,2025-07-05 01:29:33.998000
BTCUSDT,108104.00000000,0.00007000,2025-07-05 01:29:35.140000
BTCUSDT,108104.01000000,0.00026000,2025-07-05 01:29:37.573000
BTCUSDT,108104.01000000,0.00099000,2025-07-05 01:29:38.750000
BTCUSDT,108104.00000000,0.00027000,2025-07-05 01:29:39.938000
BTCUSDT,108104.01000000,0.00008000,2025-07-05 01:29:41.283000
BTCUSDT,108104.00000000,0.00007000,2025-07-05 01:29:42.311000
BTCUSDT,108104.00000000,0.00007000,2025-07-05 01:29:43.513000
BTCUSDT,108104.00000000,0.00014000,2025-07-05 01:29:45.062000
BTCUSDT,108104.01000000,0.00092000,2025-07-05 01:29:46.227000
BTCUSDT,108104.00000000,0.00009000,2025-07-05 01:29:48.139000
BTCUSDT,108104.01000000,0.05754000,2025-07-05 01:29:49.276000
BTCUSDT,108104.00000000,0.00007000,2025-07-05 01:29:50.343000
BTCUSDT,108104.01000000,0.00138000,2025-07-05 01:29:52.832000
BTCUSDT,108104.00000000,0.00025000,2025-07-05 01:29:54.340000
BTCUSDT,108104.00000000,0.00007000,2025-07-05 01:29:55.706000
BTCUSDT,108104.00000000,0.00009000,2025-07-05 01:29:57.096000
BTCUSDT,108104.00000000,0.00007000,2025-07-05 01:29:58.919000
BTCUSDT,108104.01000000,0.00034000,2025-07-05 01:30:00.083000
BTCUSDT,108104.00000000,0.00009000,2025-07-05 01:30:01.516000
BTCUSDT,108104.01000000,0.00019000,2025-07-05 01:30:02.563000
BTCUSDT,108104.01000000,0.00009000,2025-07-05 01:30:03.645000
BTCUSDT,108104.00000000,0.00050000,2025-07-05 01:30:05.042000
BTCUSDT,108104.01000000,0.00021000,2025-07-05 01:30:06.983000
BTCUSDT,108104.01000000,0.00008000,2025-07-05 01:30:08.228000
BTCUSDT,108104.00000000,0.00008000,2025-07-05 01:30:09.251000
BTCUSDT,108104.00000000,0.00017000,2025-07-05 01:30:11.017000
BTCUSDT,108104.00000000,0.00010000,2025-07-05 01:30:12.038000
BTCUSDT,108104.01000000,0.00138000,2025-07-05 01:30:13.087000
BTCUSDT,108104.01000000,0.00009000,2025-07-05 01:30:14.409000
BTCUSDT,108104.01000000,0.00011000,2025-07-05 01:30:15.839000
BTCUSDT,108104.00000000,0.00127000,2025-07-05 01:30:16.967000
BTCUSDT,108104.01000000,0.00007000,2025-07-05 01:30:18.657000
BTCUSDT,108104.00000000,0.00043000,2025-07-05 01:30:19.817000
BTCUSDT,108104.00000000,0.00009000,2025-07-05 01:30:21.084000
BTCUSDT,108104.01000000,0.00007000,2025-07-05 01:30:22.277000
BTCUSDT,108104.01000000,0.00007000,2025-07-05 01:30:23.966000
BTCUSDT,108104.00000000,0.00007000,2025-07-05 01:30:26.740000
BTCUSDT,108104.00000000,0.00050000,2025-07-05 01:30:28.287000
BTCUSDT,108104.01000000,0.00111000,2025-07-05 01:30:30.804000
BTCUSDT,108104.00000000,0.00148000,2025-07-05 01:30:32.051000
BTCUSDT,108104.01000000,0.00004000,2025-07-05 01:30:33.206000
BTCUSDT,108104.01000000,0.00014000,2025-07-05 01:30:35.004000
BTCUSDT,108104.01000000,0.00009000,2025-07-05 01:30:36.417000
BTCUSDT,108104.00000000,0.03000000,2025-07-05 01:30:37.844000
BTCUSDT,108104.00000000,0.00093000,2025-07-05 01:30:39.102000
BTCUSDT,108104.01000000,0.00270000,2025-07-05 01:30:40.576000
BTCUSDT,108104.01000000,0.00009000,2025-07-05 01:30:41.912000
BTCUSDT,108104.01000000,0.00046000,2025-07-05 01:30:43.517000
BTCUSDT,108104.00000000,0.00007000,2025-07-05 01:30:44.639000
BTCUSDT,108104.00000000,0.00024000,2025-07-05 01:30:46.327000
BTCUSDT,108104.00000000,0.00051000,2025-07-05 01:30:47.815000
BTCUSDT,108104.01000000,0.04648000,2025-07-05 01:30:49.276000
BTCUSDT,108104.00000000,0.00024000,2025-07-05 01:30:50.323000
BTCUSDT,108104.00000000,0.00968000,2025-07-05 01:30:51.861000
BTCUSDT,108104.00000000,0.00135000,2025-07-05 01:30:52.908000
BTCUSDT,108104.00000000,0.00024000,2025-07-05 01:30:54.351000
BTCUSDT,108104.01000000,0.00023000,2025-07-05 01:30:55.987000
BTCUSDT,108104.01000000,0.00011000,2025-07-05 01:30:57.012000
BTCUSDT,108104.00000000,0.00007000,2025-07-05 01:30:59.273000
BTCUSDT,108104.01000000,0.00092000,2025-07-05 01:31:01.451000
BTCUSDT,108104.00000000,0.00700000,2025-07-05 01:31:02.965000
BTCUSDT,108104.00000000,0.00026000,2025-07-05 01:31:04.076000
BTCUSDT,108104.00000000,0.00026000,2025-07-05 01:31:06.078000
BTCUSDT,108104.01000000,0.00061000,2025-07-05 01:31:07.383000
BTCUSDT,108104.01000000,0.00006000,2025-07-05 01:31:08.776000
BTCUSDT,108104.01000000,0.00006000,2025-07-05 01:31:10.048000
BTCUSDT,108104.01000000,0.00007000,2025-07-05 01:31:11.279000
BTCUSDT,108104.01000000,0.00039000,2025-07-05 01:31:13.390000
BTCUSDT,108104.00000000,0.00007000,2025-07-05 01:31:14.464000
BTCUSDT,108104.00000000,0.05845000,2025-07-05 01:31:15.895000
BTCUSDT,108104.00000000,0.00073000,2025-07-05 01:31:17.677000
BTCUSDT,108104.00000000,0.00013000,2025-07-05 01:31:19.128000
BTCUSDT,108104.01000000,0.00043000,2025-07-05 01:31:20.715000
BTCUSDT,108104.00000000,0.00158000,2025-07-05 01:31:22.049000
BTCUSDT,108104.01000000,0.00707000,2025-07-05 01:31:23.708000
BTCUSDT,108104.00000000,0.00025000,2025-07-05 01:31:26.318000
BTCUSDT,108104.01000000,0.00136000,2025-07-05 01:31:27.716000
BTCUSDT,108104.00000000,0.00400000,2025-07-05 01:31:29.310000
BTCUSDT,108104.01000000,0.00801000,2025-07-05 01:31:31.576000
BTCUSDT,108104.01000000,0.00461000,2025-07-05 01:31:34.695000
BTCUSDT,108104.00000000,0.00019000,2025-07-05 01:31:36.419000
BTCUSDT,108104.01000000,0.02808000,2025-07-05 01:31:37.543000
BTCUSDT,108104.00000000,0.02608000,2025-07-05 01:31:38.931000
BTCUSDT,108104.01000000,0.00908000,2025-07-05 01:31:40.512000
BTCUSDT,108104.01000000,0.00016000,2025-07-05 01:31:41.637000
BTCUSDT,108104.00000000,0.00006000,2025-07-05 01:31:43.451000
BTCUSDT,108104.00000000,0.00013000,2025-07-05 01:31:44.740000
BTCUSDT,108104.00000000,0.00008000,2025-07-05 01:31:45.959000
BTCUSDT,108104.00000000,0.00009000,2025-07-05 01:31:47.083000
BTCUSDT,108104.01000000,0.00179000,2025-07-05 01:31:49.241000
BTCUSDT,108104.00000000,0.00037000,2025-07-05 01:31:50.576000
BTCUSDT,108104.00000000,0.00076000,2025-07-05 01:31:51.762000
BTCUSDT,108104.00000000,0.00008000,2025-07-05 01:31:52.910000
BTCUSDT,108104.01000000,0.00073000,2025-07-05 01:31:54.207000
BTCUSDT,108095.75000000,0.00034000,2025-07-05 01:31:55.019000
BTCUSDT,108075.30000000,0.00023000,2025-07-05 01:31:56.550000
BTCUSDT,108075.30000000,0.00014000,2025-07-05 01:31:57.812000
BTCUSDT,108075.30000000,0.00005000,2025-07-05 01:31:58.971000
BTCUSDT,108075.29000000,0.00012000,2025-07-05 01:32:00.182000
BTCUSDT,108075.29000000,0.00013000,2025-07-05 01:32:02.012000
BTCUSDT,108075.30000000,0.00004000,2025-07-05 01:32:03.744000
BTCUSDT,108075.29000000,0.00142000,2025-07-05 01:32:05.111000
BTCUSDT,108075.30000000,0.05212000,2025-07-05 01:32:06.411000
BTCUSDT,108075.29000000,0.00203000,2025-07-05 01:32:08.250000
BTCUSDT,108075.29000000,0.00016000,2025-07-05 01:32:09.405000
BTCUSDT,108075.29000000,0.00084000,2025-07-05 01:32:10.976000
BTCUSDT,108075.30000000,0.00026000,2025-07-05 01:32:12.960000
BTCUSDT,108075.29000000,0.00012000,2025-07-05 01:32:14.198000
BTCUSDT,108075.29000000,0.00018000,2025-07-05 01:32:15.265000
BTCUSDT,108075.29000000,0.00018000,2025-07-05 01:32:16.268000
BTCUSDT,108075.29000000,0.00018000,2025-07-05 01:32:17.270000
BTCUSDT,108075.30000000,0.00006000,2025-07-05 01:32:18.327000
BTCUSDT,108075.29000000,0.00277000,2025-07-05 01:32:19.450000
BTCUSDT,108075.29000000,0.00070000,2025-07-05 01:32:21.770000
BTCUSDT,108075.30000000,0.00154000,2025-07-05 01:32:23.081000
BTCUSDT,108075.29000000,0.06146000,2025-07-05 01:32:24.472000
BTCUSDT,108075.30000000,0.00046000,2025-07-05 01:32:25.745000
BTCUSDT,108075.30000000,0.00092000,2025-07-05 01:32:26.914000
BTCUSDT,108075.30000000,0.00018000,2025-07-05 01:32:28.835000
BTCUSDT,108075.30000000,0.00009000,2025-07-05 01:32:30.170000
BTCUSDT,108075.30000000,0.00272000,2025-07-05 01:32:31.181000
BTCUSDT,108075.29000000,0.02199000,2025-07-05 01:32:33.647000
BTCUSDT,108075.30000000,0.00277000,2025-07-05 01:32:34.946000
BTCUSDT,108088.00000000,0.00005000,2025-07-05 01:32:36.135000
BTCUSDT,108089.99000000,0.00067000,2025-07-05 01:32:37.450000
BTCUSDT,108090.00000000,0.00009000,2025-07-05 01:32:38.686000
BTCUSDT,108090.00000000,0.02801000,2025-07-05 01:32:42.574000
BTCUSDT,108090.00000000,0.02607000,2025-07-05 01:32:44.324000
BTCUSDT,108090.00000000,0.00128000,2025-07-05 01:32:46.383000
BTCUSDT,108089.99000000,0.00034000,2025-07-05 01:32:48.057000
BTCUSDT,108090.00000000,0.06041000,2025-07-05 01:32:49.229000
BTCUSDT,108089.99000000,0.00017000,2025-07-05 01:32:51.463000
BTCUSDT,108089.99000000,0.00013000,2025-07-05 01:32:52.950000
BTCUSDT,108089.99000000,0.00832000,2025-07-05 01:32:54.075000
BTCUSDT,108089.99000000,0.00313000,2025-07-05 01:32:55.296000
BTCUSDT,108089.99000000,0.00104000,2025-07-05 01:32:56.312000
BTCUSDT,108090.00000000,0.00013000,2025-07-05 01:32:58.011000
BTCUSDT,108099.53000000,0.00010000,2025-07-05 01:32:58.790000
BTCUSDT,108104.01000000,0.00005000,2025-07-05 01:32:59.998000
BTCUSDT,108104.99000000,0.00007000,2025-07-05 01:33:01.130000
BTCUSDT,108105.00000000,0.00407000,2025-07-05 01:33:02.528000
BTCUSDT,108104.99000000,0.00019000,2025-07-05 01:33:04.412000
BTCUSDT,108105.00000000,0.00068000,2025-07-05 01:33:06.456000
BTCUSDT,108104.99000000,0.00010000,2025-07-05 01:33:07.917000
BTCUSDT,108105.00000000,0.00004000,2025-07-05 01:33:08.989000
BTCUSDT,108104.99000000,0.00076000,2025-07-05 01:33:11.571000
BTCUSDT,108105.00000000,0.00047000,2025-07-05 01:33:12.715000
BTCUSDT,108105.00000000,0.00366000,2025-07-05 01:33:13.956000
BTCUSDT,108105.00000000,0.00017000,2025-07-05 01:33:15.377000
BTCUSDT,108104.99000000,0.00303000,2025-07-05 01:33:17.704000
BTCUSDT,108104.99000000,0.00024000,2025-07-05 01:33:19.064000
BTCUSDT,108105.00000000,0.00016000,2025-07-05 01:33:20.651000
BTCUSDT,108104.99000000,0.00065000,2025-07-05 01:33:21.660000
BTCUSDT,108104.99000000,0.00016000,2025-07-05 01:33:23.609000
BTCUSDT,108105.00000000,0.00038000,2025-07-05 01:33:24.676000
BTCUSDT,108105.00000000,0.00016000,2025-07-05 01:33:26.741000
BTCUSDT,108105.00000000,0.00346000,2025-07-05 01:33:28.176000
BTCUSDT,108105.00000000,0.00008000,2025-07-05 01:33:29.851000
BTCUSDT,108105.00000000,0.00007000,2025-07-05 01:33:31.689000
BTCUSDT,108105.00000000,0.00005000,2025-07-05 01:33:33.676000
BTCUSDT,108105.00000000,0.00552000,2025-07-05 01:33:34.878000
BTCUSDT,108105.00000000,0.00016000,2025-07-05 01:33:37.080000
BTCUSDT,108105.00000000,0.00009000,2025-07-05 01:33:38.569000
BTCUSDT,108104.99000000,0.00529000,2025-07-05 01:33:40.371000
BTCUSDT,108105.00000000,0.00277000,2025-07-05 01:33:41.731000
BTCUSDT,108105.00000000,0.00357000,2025-07-05 01:33:42.936000
BTCUSDT,108105.00000000,0.00178000,2025-07-05 01:33:43.997000
BTCUSDT,108104.99000000,0.00023000,2025-07-05 01:33:46.548000
BTCUSDT,108105.00000000,0.00010000,2025-07-05 01:33:47.812000
BTCUSDT,108105.00000000,0.06041000,2025-07-05 01:33:49.230000
BTCUSDT,108104.99000000,0.00015000,2025-07-05 01:33:50.471000
BTCUSDT,108104.99000000,0.05545000,2025-07-05 01:33:51.565000
BTCUSDT,108105.00000000,0.00227000,2025-07-05 01:33:52.724000
BTCUSDT,108105.00000000,0.00005000,2025-07-05 01:33:53.677000
BTCUSDT,108105.00000000,0.00005000,2025-07-05 01:33:55.041000
BTCUSDT,108106.00000000,0.00009000,2025-07-05 01:33:56.103000
BTCUSDT,108105.99000000,0.01000000,2025-07-05 01:33:57.244000
BTCUSDT,108105.99000000,0.00292000,2025-07-05 01:33:59.020000
BTCUSDT,108105.99000000,0.00017000,2025-07-05 01:34:00.291000
BTCUSDT,108105.99000000,0.00073000,2025-07-05 01:34:02.718000
BTCUSDT,108106.00000000,0.00069000,2025-07-05 01:34:03.877000
BTCUSDT,108106.00000000,0.01186000,2025-07-05 01:34:04.911000
BTCUSDT,108106.00000000,0.07192000,2025-07-05 01:34:08.835000
BTCUSDT,108105.99000000,0.00401000,2025-07-05 01:34:11.541000
BTCUSDT,108106.00000000,0.00046000,2025-07-05 01:34:12.572000
BTCUSDT,108105.99000000,0.00010000,2025-07-05 01:34:14.521000
BTCUSDT,108106.00000000,0.00122000,2025-07-05 01:34:15.643000
BTCUSDT,108106.00000000,0.00005000,2025-07-05 01:34:17.383000
BTCUSDT,108106.00000000,0.00013000,2025-07-05 01:34:18.472000
BTCUSDT,108106.00000000,0.00019000,2025-07-05 01:34:20.145000
BTCUSDT,108105.99000000,0.00019000,2025-07-05 01:34:21.263000
BTCUSDT,108106.00000000,0.00009000,2025-07-05 01:34:22.460000
BTCUSDT,108105.99000000,0.00019000,2025-07-05 01:34:24.159000
BTCUSDT,108122.94000000,0.00005000,2025-07-05 01:34:25.263000
BTCUSDT,108122.93000000,0.00047000,2025-07-05 01:34:26.927000
BTCUSDT,108123.23000000,0.00049000,2025-07-05 01:34:28.086000
BTCUSDT,108123.23000000,0.00019000,2025-07-05 01:34:29.147000
BTCUSDT,108123.22000000,0.00019000,2025-07-05 01:34:30.537000
BTCUSDT,108123.23000000,0.00020000,2025-07-05 01:34:31.557000
BTCUSDT,108123.23000000,0.00042000,2025-07-05 01:34:33.697000
BTCUSDT,108114.00000000,0.00100000,2025-07-05 01:34:35.182000
BTCUSDT,108114.00000000,0.00024000,2025-07-05 01:34:36.296000
BTCUSDT,108114.01000000,0.00018000,2025-07-05 01:34:37.713000
BTCUSDT,108114.01000000,0.00020000,2025-07-05 01:34:38.830000
BTCUSDT,108114.01000000,0.00016000,2025-07-05 01:34:40.262000
BTCUSDT,108114.00000000,0.00140000,2025-07-05 01:34:41.476000
BTCUSDT,108114.01000000,0.00024000,2025-07-05 01:34:42.905000
BTCUSDT,108114.01000000,0.00107000,2025-07-05 01:34:44.752000
BTCUSDT,108114.01000000,0.00009000,2025-07-05 01:34:46.117000
BTCUSDT,108114.00000000,0.00047000,2025-07-05 01:34:47.307000
BTCUSDT,108114.01000000,0.00010000,2025-07-05 01:34:48.529000
BTCUSDT,108114.01000000,0.00100000,2025-07-05 01:34:50.615000
BTCUSDT,108114.01000000,0.00564000,2025-07-05 01:34:52.266000
BTCUSDT,108114.00000000,0.00013000,2025-07-05 01:34:53.711000
BTCUSDT,108114.01000000,0.00007000,2025-07-05 01:34:54.784000
BTCUSDT,108114.00000000,0.00118000,2025-07-05 01:34:55.974000
BTCUSDT,108114.01000000,0.00010000,2025-07-05 01:34:57.826000
BTCUSDT,108114.00000000,0.01250000,2025-07-05 01:34:58.923000
BTCUSDT,108114.01000000,0.00302000,2025-07-05 01:35:00.249000
BTCUSDT,108114.01000000,0.00020000,2025-07-05 01:35:01.430000
BTCUSDT,108114.01000000,0.00008000,2025-07-05 01:35:05.112000
BTCUSDT,108114.01000000,0.00211000,2025-07-05 01:35:06.537000
BTCUSDT,108114.01000000,0.00006000,2025-07-05 01:35:08.360000
BTCUSDT,108114.01000000,0.00029000,2025-07-05 01:35:09.684000
BTCUSDT,108114.01000000,0.00012000,2025-07-05 01:35:11.310000
BTCUSDT,108114.01000000,0.00024000,2025-07-05 01:35:12.686000
BTCUSDT,108114.00000000,0.00015000,2025-07-05 01:35:15.543000
BTCUSDT,108114.00000000,0.00258000,2025-07-05 01:35:16.480000
BTCUSDT,108103.19000000,0.00005000,2025-07-05 01:35:17.540000
BTCUSDT,108088.11000000,0.00005000,2025-07-05 01:35:19.197000
BTCUSDT,108088.12000000,0.00462000,2025-07-05 01:35:20.415000
BTCUSDT,108088.12000000,0.00006000,2025-07-05 01:35:21.873000
BTCUSDT,108088.12000000,0.00008000,2025-07-05 01:35:23.030000
BTCUSDT,108088.11000000,0.00080000,2025-07-05 01:35:24.726000
BTCUSDT,108088.12000000,0.00019000,2025-07-05 01:35:25.807000
BTCUSDT,108088.11000000,0.00008000,2025-07-05 01:35:29.092000
BTCUSDT,108088.12000000,0.00090000,2025-07-05 01:35:31.336000
BTCUSDT,108088.11000000,0.00072000,2025-07-05 01:35:32.491000
BTCUSDT,108088.11000000,0.00009000,2025-07-05 01:35:34.096000
BTCUSDT,108088.11000000,0.00014000,2025-07-05 01:35:36.318000
BTCUSDT,108088.11000000,0.00128000,2025-07-05 01:35:37.098000
BTCUSDT,108088.12000000,0.00007000,2025-07-05 01:35:41.354000
BTCUSDT,108088.12000000,0.00018000,2025-07-05 01:35:42.461000
BTCUSDT,108088.12000000,0.00007000,2025-07-05 01:35:43.616000
BTCUSDT,108088.11000000,0.00007000,2025-07-05 01:35:44.700000
BTCUSDT,108088.12000000,0.00016000,2025-07-05 01:35:45.967000
BTCUSDT,108088.12000000,0.00028000,2025-07-05 01:35:47.253000
BTCUSDT,108088.11000000,0.00017000,2025-07-05 01:35:48.550000
BTCUSDT,108088.12000000,0.00008000,2025-07-05 01:35:50.080000
BTCUSDT,108088.11000000,0.00008000,2025-07-05 01:35:51.507000
BTCUSDT,108088.12000000,0.00024000,2025-07-05 01:35:52.563000
BTCUSDT,108088.12000000,0.00305000,2025-07-05 01:35:54.007000
BTCUSDT,108088.12000000,0.00007000,2025-07-05 01:35:55.379000
BTCUSDT,108088.11000000,0.00007000,2025-07-05 01:35:56.438000
BTCUSDT,108088.12000000,0.00318000,2025-07-05 01:35:57.696000
BTCUSDT,108088.12000000,0.00010000,2025-07-05 01:35:58.885000
BTCUSDT,108088.12000000,0.00048000,2025-07-05 01:36:00.429000
BTCUSDT,108088.11000000,0.00020000,2025-07-05 01:36:01.936000
BTCUSDT,108088.11000000,0.00008000,2025-07-05 01:36:03.071000
BTCUSDT,108088.11000000,0.00065000,2025-07-05 01:36:04.186000
BTCUSDT,108088.11000000,0.00007000,2025-07-05 01:36:05.280000
BTCUSDT,108088.11000000,0.00009000,2025-07-05 01:36:06.648000
BTCUSDT,108088.11000000,0.00007000,2025-07-05 01:36:07.980000
BTCUSDT,108088.12000000,0.00232000,2025-07-05 01:36:09.178000
BTCUSDT,108088.11000000,0.00033000,2025-07-05 01:36:10.575000
BTCUSDT,108088.12000000,0.00028000,2025-07-05 01:36:11.611000
BTCUSDT,108088.12000000,0.00028000,2025-07-05 01:36:13.202000
BTCUSDT,108088.11000000,0.00463000,2025-07-05 01:36:14.879000
BTCUSDT,108088.12000000,0.00162000,2025-07-05 01:36:16.556000
BTCUSDT,108088.11000000,0.00139000,2025-07-05 01:36:17.715000
BTCUSDT,108088.12000000,0.00009000,2025-07-05 01:36:18.904000
BTCUSDT,108088.11000000,0.00046000,2025-07-05 01:36:20.032000
BTCUSDT,108088.12000000,0.00185000,2025-07-05 01:36:21.083000
BTCUSDT,108088.12000000,0.00103000,2025-07-05 01:36:22.648000
BTCUSDT,108088.12000000,0.00147000,2025-07-05 01:36:23.728000
BTCUSDT,108088.11000000,0.00007000,2025-07-05 01:36:25.011000
BTCUSDT,108088.11000000,0.01850000,2025-07-05 01:36:26.460000
BTCUSDT,108088.12000000,0.00053000,2025-07-05 01:36:27.838000
BTCUSDT,108088.11000000,0.00027000,2025-07-05 01:36:29.152000
BTCUSDT,108088.11000000,0.10172000,2025-07-05 01:36:30.806000
BTCUSDT,108088.12000000,0.00143000,2025-07-05 01:36:32.498000
BTCUSDT,108088.11000000,0.00842000,2025-07-05 01:36:34.495000
BTCUSDT,108088.12000000,0.00484000,2025-07-05 01:36:35.941000
BTCUSDT,108088.11000000,0.00006000,2025-07-05 01:36:36.977000
BTCUSDT,108088.12000000,0.00305000,2025-07-05 01:36:38.932000
BTCUSDT,108088.11000000,0.00020000,2025-07-05 01:36:41.099000
BTCUSDT,108088.12000000,0.00259000,2025-07-05 01:36:43.806000
BTCUSDT,108088.12000000,0.00070000,2025-07-05 01:36:44.982000
BTCUSDT,108088.12000000,0.00323000,2025-07-05 01:36:46.392000
BTCUSDT,108088.12000000,0.03488000,2025-07-05 01:36:49.231000
BTCUSDT,108088.12000000,0.00092000,2025-07-05 01:36:50.664000
BTCUSDT,108088.12000000,0.00204000,2025-07-05 01:36:51.842000
BTCUSDT,108088.12000000,0.00027000,2025-07-05 01:36:53.236000
BTCUSDT,108088.11000000,0.14847000,2025-07-05 01:36:54.818000
BTCUSDT,108088.11000000,0.00008000,2025-07-05 01:36:56.894000
BTCUSDT,108088.12000000,0.00454000,2025-07-05 01:36:58.443000
BTCUSDT,108088.11000000,0.00416000,2025-07-05 01:36:59.544000
BTCUSDT,108088.11000000,0.00045000,2025-07-05 01:37:00.586000
BTCUSDT,108088.12000000,0.00080000,2025-07-05 01:37:01.610000
BTCUSDT,108088.12000000,0.00048000,2025-07-05 01:37:02.699000
BTCUSDT,108088.11000000,0.02769000,2025-07-05 01:37:03.767000
BTCUSDT,108088.12000000,0.00017000,2025-07-05 01:37:05.477000
BTCUSDT,108088.11000000,0.00009000,2025-07-05 01:37:06.752000
BTCUSDT,108088.12000000,0.00094000,2025-07-05 01:37:08.732000
BTCUSDT,108088.12000000,0.00432000,2025-07-05 01:37:10.112000
BTCUSDT,108088.11000000,0.00017000,2025-07-05 01:37:11.585000
BTCUSDT,108088.11000000,0.00450000,2025-07-05 01:37:12.584000
BTCUSDT,108088.12000000,0.00018000,2025-07-05 01:37:15.013000
BTCUSDT,108088.11000000,0.00041000,2025-07-05 01:37:16.136000
BTCUSDT,108088.12000000,0.00185000,2025-07-05 01:37:17.542000
BTCUSDT,108088.11000000,0.00009000,2025-07-05 01:37:18.885000
BTCUSDT,108088.12000000,0.00310000,2025-07-05 01:37:22.588000
BTCUSDT,108088.11000000,0.00007000,2025-07-05 01:37:25.100000
BTCUSDT,108088.11000000,0.00008000,2025-07-05 01:37:27.318000
BTCUSDT,108088.11000000,0.00010000,2025-07-05 01:37:29.569000
BTCUSDT,108088.12000000,0.00009000,2025-07-05 01:37:30.652000
BTCUSDT,108088.12000000,0.00009000,2025-07-05 01:37:33.052000
BTCUSDT,108088.11000000,0.00005000,2025-07-05 01:37:34.595000
BTCUSDT,108088.12000000,0.00053000,2025-07-05 01:37:36.075000
BTCUSDT,108088.11000000,0.00030000,2025-07-05 01:37:39.011000
BTCUSDT,108088.12000000,0.00098000,2025-07-05 01:37:40.620000
BTCUSDT,108088.11000000,0.00014000,2025-07-05 01:37:41.749000
BTCUSDT,108088.12000000,0.01343000,2025-07-05 01:37:43.207000
BTCUSDT,108088.12000000,0.00020000,2025-07-05 01:37:44.950000
BTCUSDT,108088.11000000,0.00169000,2025-07-05 01:37:45.951000
BTCUSDT,108088.11000000,0.00197000,2025-07-05 01:37:48.019000
BTCUSDT,108088.11000000,0.00340000,2025-07-05 01:37:49.022000
BTCUSDT,108088.11000000,0.00092000,2025-07-05 01:37:50.182000
BTCUSDT,108088.12000000,0.00020000,2025-07-05 01:37:52.405000
BTCUSDT,108088.12000000,0.00046000,2025-07-05 01:37:55.375000
BTCUSDT,108088.11000000,0.02550000,2025-07-05 01:37:57.012000
BTCUSDT,108088.11000000,0.03608000,2025-07-05 01:37:58.062000
BTCUSDT,108088.12000000,0.00143000,2025-07-05 01:37:59.238000
BTCUSDT,108088.11000000,0.00160000,2025-07-05 01:38:00.579000
BTCUSDT,108088.11000000,0.00090000,2025-07-05 01:38:01.718000
BTCUSDT,108088.11000000,0.00023000,2025-07-05 01:38:02.882000
BTCUSDT,108088.12000000,0.00011000,2025-07-05 01:38:05.165000
BTCUSDT,108088.11000000,0.00023000,2025-07-05 01:38:06.487000
BTCUSDT,108088.12000000,0.00019000,2025-07-05 01:38:07.772000
BTCUSDT,108088.11000000,0.00210000,2025-07-05 01:38:09.411000
BTCUSDT,108088.11000000,0.00130000,2025-07-05 01:38:10.537000
BTCUSDT,108088.11000000,0.00120000,2025-07-05 01:38:11.384000
BTCUSDT,108088.12000000,0.01850000,2025-07-05 01:38:12.810000
BTCUSDT,108088.12000000,0.00014000,2025-07-05 01:38:14.084000
BTCUSDT,108088.12000000,0.00023000,2025-07-05 01:38:15.232000
BTCUSDT,108088.12000000,0.00013000,2025-07-05 01:38:16.249000
BTCUSDT,108088.12000000,0.00088000,2025-07-05 01:38:17.255000
BTCUSDT,108088.12000000,0.00045000,2025-07-05 01:38:19.206000
BTCUSDT,108088.11000000,0.00025000,2025-07-05 01:38:21.711000
BTCUSDT,108088.12000000,0.00235000,2025-07-05 01:38:22.938000
BTCUSDT,108088.11000000,0.00046000,2025-07-05 01:38:25.182000
BTCUSDT,108088.12000000,0.00155000,2025-07-05 01:38:26.670000
BTCUSDT,108088.12000000,0.00160000,2025-07-05 01:38:28.096000
BTCUSDT,108088.12000000,0.00009000,2025-07-05 01:38:29.112000
BTCUSDT,108088.12000000,0.00163000,2025-07-05 01:38:30.710000
BTCUSDT,108088.11000000,0.00021000,2025-07-05 01:38:32.473000
BTCUSDT,108088.11000000,0.00011000,2025-07-05 01:38:33.709000
BTCUSDT,108088.11000000,0.00384000,2025-07-05 01:38:34.727000
BTCUSDT,108088.12000000,0.00079000,2025-07-05 01:38:35.773000
BTCUSDT,108088.12000000,0.00006000,2025-07-05 01:38:36.976000
BTCUSDT,108088.11000000,0.00022000,2025-07-05 01:38:38.069000
BTCUSDT,108088.12000000,0.00009000,2025-07-05 01:38:39.988000
BTCUSDT,108088.12000000,0.00146000,2025-07-05 01:38:42.605000
BTCUSDT,108088.12000000,0.00087000,2025-07-05 01:38:44.584000
BTCUSDT,108088.12000000,0.00185000,2025-07-05 01:38:47.210000
BTCUSDT,108088.11000000,0.00023000,2025-07-05 01:38:49.044000
BTCUSDT,108088.11000000,0.00096000,2025-07-05 01:38:50.584000
BTCUSDT,108088.11000000,0.00230000,2025-07-05 01:38:52.516000
BTCUSDT,108088.11000000,0.00176000,2025-07-05 01:38:55.196000
BTCUSDT,108088.11000000,0.00008000,2025-07-05 01:38:57.744000
BTCUSDT,108088.11000000,0.00083000,2025-07-05 01:38:59.524000
BTCUSDT,108088.12000000,0.00023000,2025-07-05 01:39:02.316000
BTCUSDT,108088.12000000,0.00087000,2025-07-05 01:39:04.235000
BTCUSDT,108088.12000000,0.00050000,2025-07-05 01:39:06.177000
BTCUSDT,108088.12000000,0.00940000,2025-07-05 01:39:07.335000
BTCUSDT,108088.12000000,0.00100000,2025-07-05 01:39:08.922000
BTCUSDT,108088.12000000,0.00500000,2025-07-05 01:39:13.450000
BTCUSDT,108088.11000000,0.02458000,2025-07-05 01:39:14.821000
BTCUSDT,108088.12000000,0.12720000,2025-07-05 01:39:17.163000
BTCUSDT,108089.85000000,0.00003000,2025-07-05 01:39:18.521000
BTCUSDT,108089.84000000,0.00010000,2025-07-05 01:39:19.977000
BTCUSDT,108089.85000000,0.00088000,2025-07-05 01:39:22.730000
BTCUSDT,108089.84000000,0.00040000,2025-07-05 01:39:24.164000
BTCUSDT,108089.85000000,0.00063000,2025-07-05 01:39:25.203000
BTCUSDT,108089.85000000,0.00008000,2025-07-05 01:39:27.156000
BTCUSDT,108089.85000000,0.00024000,2025-07-05 01:39:28.564000
BTCUSDT,108089.85000000,0.00156000,2025-07-05 01:39:32.299000
BTCUSDT,108089.85000000,0.00008000,2025-07-05 01:39:33.318000
BTCUSDT,108089.84000000,0.00016000,2025-07-05 01:39:34.351000
BTCUSDT,108089.85000000,0.00139000,2025-07-05 01:39:36.596000
BTCUSDT,108088.12000000,0.00015000,2025-07-05 01:39:38.011000
BTCUSDT,108088.11000000,0.00026000,2025-07-05 01:39:39.312000
BTCUSDT,108088.12000000,0.00008000,2025-07-05 01:39:40.377000
BTCUSDT,108088.11000000,0.00019000,2025-07-05 01:39:42.772000
BTCUSDT,108088.12000000,0.00185000,2025-07-05 01:39:44.843000
BTCUSDT,108088.11000000,0.00014000,2025-07-05 01:39:46.228000
BTCUSDT,108088.12000000,0.00050000,2025-07-05 01:39:47.378000
BTCUSDT,108088.11000000,0.00044000,2025-07-05 01:39:48.517000
BTCUSDT,108088.11000000,0.05278000,2025-07-05 01:39:50.298000
BTCUSDT,108088.11000000,0.00169000,2025-07-05 01:39:51.498000
BTCUSDT,108088.11000000,0.00503000,2025-07-05 01:39:53.536000
BTCUSDT,108088.11000000,0.00008000,2025-07-05 01:39:55.220000
BTCUSDT,108088.12000000,0.00905000,2025-07-05 01:39:56.505000
BTCUSDT,108088.12000000,0.00034000,2025-07-05 01:40:00.794000
BTCUSDT,108088.12000000,0.00151000,2025-07-05 01:40:03.386000
BTCUSDT,108088.12000000,0.00036000,2025-07-05 01:40:04.428000
BTCUSDT,108088.11000000,0.00005000,2025-07-05 01:40:05.356000
BTCUSDT,108088.11000000,0.05381000,2025-07-05 01:40:06.571000
BTCUSDT,108077.31000000,0.00382000,2025-07-05 01:40:07.720000
BTCUSDT,108077.31000000,0.35098000,2025-07-05 01:40:09.426000
BTCUSDT,108077.30000000,0.00300000,2025-07-05 01:40:10.873000
BTCUSDT,108077.31000000,0.00010000,2025-07-05 01:40:11.993000
BTCUSDT,108077.30000000,0.00330000,2025-07-05 01:40:13.626000
BTCUSDT,108077.31000000,0.00006000,2025-07-05 01:40:16.273000
BTCUSDT,108064.23000000,0.00006000,2025-07-05 01:40:18.797000
BTCUSDT,108064.24000000,0.00305000,2025-07-05 01:40:20.109000
BTCUSDT,108064.24000000,0.00009000,2025-07-05 01:40:21.149000
BTCUSDT,108064.23000000,0.00029000,2025-07-05 01:40:22.223000
BTCUSDT,108064.23000000,0.00015000,2025-07-05 01:40:24.151000
BTCUSDT,108064.23000000,0.00070000,2025-07-05 01:40:26.484000
BTCUSDT,108064.23000000,0.04000000,2025-07-05 01:40:27.792000
BTCUSDT,108063.01000000,0.01378000,2025-07-05 01:40:29.106000
BTCUSDT,108063.01000000,0.00019000,2025-07-05 01:40:30.506000
BTCUSDT,108063.01000000,0.00005000,2025-07-05 01:40:32.109000
BTCUSDT,108063.01000000,0.00006000,2025-07-05 01:40:33.173000
BTCUSDT,108058.83000000,0.00010000,2025-07-05 01:40:34.717000
BTCUSDT,108058.83000000,0.00004000,2025-07-05 01:40:36.190000
BTCUSDT,108058.83000000,0.00016000,2025-07-05 01:40:37.762000
BTCUSDT,108058.83000000,0.00024000,2025-07-05 01:40:38.797000
BTCUSDT,108058.83000000,0.00006000,2025-07-05 01:40:40.873000
BTCUSDT,108058.38000000,0.00044000,2025-07-05 01:40:42.678000
BTCUSDT,108058.38000000,0.00037000,2025-07-05 01:40:44.276000
BTCUSDT,108058.38000000,0.00016000,2025-07-05 01:40:46.032000
BTCUSDT,108058.38000000,0.00010000,2025-07-05 01:40:47.789000
BTCUSDT,108058.38000000,0.05574000,2025-07-05 01:40:49.232000
BTCUSDT,108058.38000000,0.00024000,2025-07-05 01:40:51.023000
BTCUSDT,108033.98000000,0.00024000,2025-07-05 01:40:53.602000
BTCUSDT,108033.99000000,0.00009000,2025-07-05 01:40:54.815000
BTCUSDT,108033.98000000,0.00011000,2025-07-05 01:40:55.853000
BTCUSDT,108033.98000000,0.00026000,2025-07-05 01:40:57.945000
BTCUSDT,108026.38000000,0.00066000,2025-07-05 01:40:59.022000
BTCUSDT,108018.70000000,0.00005000,2025-07-05 01:41:01.156000
BTCUSDT,108000.00000000,1.00000000,2025-07-05 01:41:02.037000
BTCUSDT,107987.69000000,0.00414000,2025-07-05 01:41:03.689000
BTCUSDT,107987.68000000,0.00006000,2025-07-05 01:41:05.487000
BTCUSDT,107987.69000000,0.00025000,2025-07-05 01:41:06.866000
BTCUSDT,107987.69000000,0.00025000,2025-07-05 01:41:08.160000
BTCUSDT,107987.68000000,0.00026000,2025-07-05 01:41:09.564000
BTCUSDT,107987.69000000,0.00043000,2025-07-05 01:41:10.729000
BTCUSDT,107987.68000000,0.00025000,2025-07-05 01:41:11.795000
BTCUSDT,107987.69000000,0.04742000,2025-07-05 01:41:12.934000
BTCUSDT,107987.68000000,0.10111000,2025-07-05 01:41:14.028000
BTCUSDT,107987.69000000,0.00010000,2025-07-05 01:41:15.521000
BTCUSDT,107987.69000000,0.00025000,2025-07-05 01:41:16.659000
BTCUSDT,107964.90000000,0.00030000,2025-07-05 01:41:17.783000
BTCUSDT,107964.90000000,0.05500000,2025-07-05 01:41:18.759000
BTCUSDT,107983.99000000,0.00100000,2025-07-05 01:41:19.848000
BTCUSDT,107984.00000000,0.00005000,2025-07-05 01:41:21.326000
BTCUSDT,107983.99000000,0.00046000,2025-07-05 01:41:22.422000
BTCUSDT,107984.00000000,0.00098000,2025-07-05 01:41:23.863000
BTCUSDT,107984.00000000,0.00020000,2025-07-05 01:41:25.068000
BTCUSDT,107984.00000000,0.00017000,2025-07-05 01:41:26.473000
BTCUSDT,107984.00000000,0.00009000,2025-07-05 01:41:28.265000
BTCUSDT,107984.00000000,0.00169000,2025-07-05 01:41:30.269000
BTCUSDT,107983.99000000,0.00006000,2025-07-05 01:41:31.424000
BTCUSDT,107984.00000000,0.00093000,2025-07-05 01:41:32.505000
BTCUSDT,107984.00000000,0.00017000,2025-07-05 01:41:34.152000
BTCUSDT,107984.00000000,0.00206000,2025-07-05 01:41:35.396000
BTCUSDT,107983.99000000,0.00048000,2025-07-05 01:41:36.443000
BTCUSDT,107976.01000000,0.00097000,2025-07-05 01:41:37.519000
BTCUSDT,107976.00000000,0.00046000,2025-07-05 01:41:40.659000
BTCUSDT,107976.00000000,0.00007000,2025-07-05 01:41:41.771000
BTCUSDT,107976.01000000,0.00034000,2025-07-05 01:41:42.882000
BTCUSDT,107976.01000000,0.00008000,2025-07-05 01:41:43.894000
BTCUSDT,107976.01000000,0.00005000,2025-07-05 01:41:45.412000
BTCUSDT,107976.00000000,0.03513000,2025-07-05 01:41:46.556000
BTCUSDT,107976.00000000,0.13400000,2025-07-05 01:41:47.580000
BTCUSDT,107972.00000000,0.00065000,2025-07-05 01:41:48.764000
BTCUSDT,107972.00000000,0.00139000,2025-07-05 01:41:49.996000
BTCUSDT,107972.00000000,0.00007000,2025-07-05 01:41:51.414000
BTCUSDT,107972.00000000,0.00013000,2025-07-05 01:41:53.117000
BTCUSDT,107972.00000000,0.00276000,2025-07-05 01:41:54.264000
BTCUSDT,107972.01000000,0.00013000,2025-07-05 01:41:56.140000
BTCUSDT,107972.01000000,0.00463000,2025-07-05 01:41:58.827000
BTCUSDT,107972.00000000,0.00006000,2025-07-05 01:42:00.617000
BTCUSDT,107972.01000000,0.00009000,2025-07-05 01:42:01.757000
BTCUSDT,107972.00000000,0.00009000,2025-07-05 01:42:03.467000
BTCUSDT,107972.01000000,0.00016000,2025-07-05 01:42:05.089000
BTCUSDT,107972.01000000,0.00005000,2025-07-05 01:42:06.265000
BTCUSDT,107972.00000000,0.00034000,2025-07-05 01:42:07.317000
BTCUSDT,107972.01000000,0.00136000,2025-07-05 01:42:09.069000
BTCUSDT,107972.01000000,0.00093000,2025-07-05 01:42:10.112000
BTCUSDT,107972.00000000,0.00113000,2025-07-05 01:42:11.916000
BTCUSDT,107972.00000000,0.00016000,2025-07-05 01:42:13.958000
BTCUSDT,107972.01000000,0.00019000,2025-07-05 01:42:15.825000
BTCUSDT,107972.01000000,0.00036000,2025-07-05 01:42:17.204000
BTCUSDT,107972.01000000,0.00093000,2025-07-05 01:42:18.551000
BTCUSDT,107972.01000000,0.00009000,2025-07-05 01:42:19.610000
BTCUSDT,107972.00000000,0.00129000,2025-07-05 01:42:20.716000
BTCUSDT,107972.01000000,0.00010000,2025-07-05 01:42:21.949000
BTCUSDT,107972.01000000,0.00014000,2025-07-05 01:42:23.010000
BTCUSDT,107972.01000000,0.00013000,2025-07-05 01:42:25.262000
BTCUSDT,107972.00000000,0.00019000,2025-07-05 01:42:26.932000
BTCUSDT,107972.00000000,0.00009000,2025-07-05 01:42:27.963000
BTCUSDT,107972.01000000,0.00019000,2025-07-05 01:42:29.047000
BTCUSDT,107972.00000000,0.00016000,2025-07-05 01:42:30.534000
BTCUSDT,107972.01000000,0.00046000,2025-07-05 01:42:32.246000
BTCUSDT,107972.01000000,0.00016000,2025-07-05 01:42:33.494000
BTCUSDT,107968.00000000,0.00005000,2025-07-05 01:42:34.399000
BTCUSDT,107961.19000000,0.00696000,2025-07-05 01:42:36.049000
BTCUSDT,107961.19000000,0.00019000,2025-07-05 01:42:37.227000
BTCUSDT,107961.19000000,0.00389000,2025-07-05 01:42:38.416000
BTCUSDT,107961.19000000,0.00016000,2025-07-05 01:42:40.079000
BTCUSDT,107961.18000000,0.00163000,2025-07-05 01:42:41.321000
BTCUSDT,107961.19000000,0.00046000,2025-07-05 01:42:42.612000
BTCUSDT,107961.18000000,0.00866000,2025-07-05 01:42:44.119000
BTCUSDT,107961.18000000,0.00016000,2025-07-05 01:42:46.312000
BTCUSDT,107961.18000000,0.00070000,2025-07-05 01:42:47.626000
BTCUSDT,107961.19000000,0.06049000,2025-07-05 01:42:49.234000
BTCUSDT,107961.19000000,0.04998000,2025-07-05 01:42:51.201000
BTCUSDT,107961.18000000,0.04871000,2025-07-05 01:42:52.803000
BTCUSDT,107958.01000000,0.11579000,2025-07-05 01:42:53.815000
BTCUSDT,107958.00000000,0.00019000,2025-07-05 01:42:54.922000
BTCUSDT,107958.01000000,0.00019000,2025-07-05 01:42:56.673000
BTCUSDT,107958.00000000,0.00129000,2025-07-05 01:42:58.136000
BTCUSDT,107958.00000000,0.00076000,2025-07-05 01:42:59.756000
BTCUSDT,107958.01000000,0.00096000,2025-07-05 01:43:01.250000
BTCUSDT,107960.70000000,0.00233000,2025-07-05 01:43:02.584000
BTCUSDT,107967.94000000,0.00100000,2025-07-05 01:43:03.813000
BTCUSDT,107967.94000000,0.00005000,2025-07-05 01:43:04.803000
BTCUSDT,107970.96000000,0.00008000,2025-07-05 01:43:06.003000
BTCUSDT,107971.00000000,0.00015000,2025-07-05 01:43:06.964000
BTCUSDT,107973.44000000,0.00009000,2025-07-05 01:43:08.606000
BTCUSDT,107973.43000000,0.00006000,2025-07-05 01:43:10.637000
BTCUSDT,107973.43000000,0.00303000,2025-07-05 01:43:13.357000
BTCUSDT,107973.43000000,0.00006000,2025-07-05 01:43:14.798000
BTCUSDT,107973.43000000,0.00686000,2025-07-05 01:43:17.026000
BTCUSDT,107973.44000000,0.00009000,2025-07-05 01:43:18.849000
BTCUSDT,107976.92000000,0.00096000,2025-07-05 01:43:20.152000
BTCUSDT,107976.93000000,0.00073000,2025-07-05 01:43:22.899000
BTCUSDT,107976.93000000,0.00013000,2025-07-05 01:43:24.807000
BTCUSDT,107976.93000000,0.00010000,2025-07-05 01:43:26.915000
BTCUSDT,107976.92000000,0.00008000,2025-07-05 01:43:29.146000
BTCUSDT,107976.92000000,0.03091000,2025-07-05 01:43:30.679000
BTCUSDT,107976.92000000,0.00092000,2025-07-05 01:43:32.353000
BTCUSDT,107976.93000000,0.00045000,2025-07-05 01:43:33.559000
BTCUSDT,107976.93000000,0.00007000,2025-07-05 01:43:34.946000
BTCUSDT,107976.93000000,0.00006000,2025-07-05 01:43:35.949000
BTCUSDT,107976.93000000,0.00012000,2025-07-05 01:43:37.075000
BTCUSDT,107976.92000000,0.00006000,2025-07-05 01:43:38.319000
BTCUSDT,107976.92000000,0.00881000,2025-07-05 01:43:40.621000
BTCUSDT,107973.44000000,0.00040000,2025-07-05 01:43:41.854000
BTCUSDT,107973.44000000,0.00300000,2025-07-05 01:43:43.398000
BTCUSDT,107973.45000000,0.00090000,2025-07-05 01:43:44.562000
BTCUSDT,107973.45000000,0.00143000,2025-07-05 01:43:46.414000
BTCUSDT,107973.45000000,0.00032000,2025-07-05 01:43:47.777000
BTCUSDT,107973.45000000,0.06048000,2025-07-05 01:43:49.235000
BTCUSDT,107973.45000000,0.00433000,2025-07-05 01:43:50.449000
BTCUSDT,107973.45000000,0.00051000,2025-07-05 01:43:52.180000
BTCUSDT,107973.44000000,0.00036000,2025-07-05 01:43:54.078000
BTCUSDT,107973.45000000,0.00037000,2025-07-05 01:43:55.387000
BTCUSDT,107973.45000000,0.00019000,2025-07-05 01:43:56.570000
BTCUSDT,107973.44000000,0.00048000,2025-07-05 01:43:58.182000
BTCUSDT,107973.44000000,0.00025000,2025-07-05 01:43:59.368000
BTCUSDT,107973.44000000,0.00097000,2025-07-05 01:44:00.722000
BTCUSDT,107973.45000000,0.00105000,2025-07-05 01:44:02.477000
